id,revenue
3001,19954770.463276494
3002,2999056.86453569
3003,33921421.88525388
3004,20169089.101165336
3005,198459.4575504433
3006,11035584.322384434
3007,15281876.149070635
3008,47398472.93859967
3009,16581262.542085877
3010,373853518.92827886
3011,136075.35921778184
3012,5258182.765308869
3013,41135390.09604799
3014,136912.48843694635
3015,32096304.980392266
3016,1895704.8047235399
3017,147083356.94411305
3018,116521783.00509062
3019,32636985.126321893
3020,331055686.5547547
3021,45309365.85531209
3022,51772013.21889682
3023,876505.9884267704
3024,12966439.433053078
3025,6390796.726321782
3026,72385018.72412103
3027,3124898.9104235
3028,65077825.12084454
3029,68865.85082290579
3030,46330651.82476149
3031,13736590.354132073
3032,3253389.4980660453
3033,39.059207438310736
3034,112480.37339201922
3035,8168221.817490149
3036,6769578.682321127
3037,96503079.74724147
3038,27659108.72123463
3039,13854316.33615738
3040,4919300.593950554
3041,9488375.40616104
3042,2252315.7959455294
3043,2191526.3423935827
3044,2361325.21178094
3045,704286009.4861075
3046,3887364.844269672
3047,1653156.4148864099
3048,19558928.632082373
3049,182351421.069291
3050,34167856.66972058
3051,4.172702272598108
3052,11307870.138202606
3053,4764606.180310365
3054,4077585.9634177405
3055,58199354.788084775
3056,165143.64943655155
3057,33999894.17026534
3058,224529393.35650998
3059,1381637.5629835268
3060,94570200.08834647
3061,40007249.92773964
3062,49965220.68366936
3063,32396789.594624173
3064,35620087.135491215
3065,29176595.848580945
3066,80369631.46542686
3067,8584181.53370732
3068,69956388.32646984
3069,164267029.83776802
3070,6528116.543909497
3071,6137974.309091856
3072,472371993.07297266
3073,10622672.16469832
3074,1768290.6005718336
3075,14515225.996548837
3076,241611825.94080475
3077,14259740.688079512
3078,114484656.0788542
3079,27180102.689833034
3080,137843969.53429046
3081,11515929.313653095
3082,41580552.800709516
3083,4368746.536234774
3084,528.9775157414488
3085,11905751.247591836
3086,36690327.415330224
3087,2195878.420284709
3088,2184577.5939861387
3089,104298.85274589786
3090,18561281.09845694
3091,23017996.73808037
3092,9520490.351029472
3093,176806326.54356253
3094,132124587.25420217
3095,46791542.24986531
3096,1474928.9709861847
3097,964382619.9592319
3098,27184685.760800768
3099,45136510.60656307
3100,10035493.450522251
3101,23838069.064437367
3102,438103.9905968033
3103,1572295.5291509414
3104,11116182.639286771
3105,101242896.11977571
3106,61425192.123834625
3107,28249052.953711715
3108,5000377.554300833
3109,30090345.563317508
3110,308856896.9788385
3111,2303863.487899298
3112,2343160.743972986
3113,4003421.6284778924
3114,22143222.21874689
3115,14735502.210164212
3116,9493947.869009212
3117,4666039.578505947
3118,11331164.864235695
3119,202637759.42577007
3120,1549942.7142720912
3121,1375040.0864145725
3122,1770597.3421452895
3123,5960772.071431346
3124,5792980.009669618
3125,3031069.649335907
3126,34681124.64904614
3127,15646804.01442973
3128,14463017.312243229
3129,275874424.81688106
3130,14473950.447012465
3131,5345912.715321782
3132,4557102.850960119
3133,2251848.634734729
3134,18407959.264130466
3135,5513372.170952971
3136,2637579.673279724
3137,85874726.97750011
3138,909118.7987626626
3139,28949939.504902713
3140,81096432.86234005
3141,2442008.428347289
3142,4210477.131181199
3143,137010448.8656876
3144,9060470.966086566
3145,11310519.100358984
3146,435936.24321125675
3147,12936329.566296997
3148,9976829.945898388
3149,25554140.79782736
3150,78468761.08083557
3151,5087299.066597335
3152,12764516.84308502
3153,9722069.343609279
3154,7413221.406598117
3155,22227815.81495036
3156,3950321.8632277874
3157,11999481.164220806
3158,169460616.46150455
3159,16243973.214655565
3160,12651187.84659907
3161,2053133.982896752
3162,14065963.807942066
3163,34209703.28883559
3164,1224968.0835428839
3165,384616.74846239114
3166,3383278.876586639
3167,54505373.43360713
3168,4065169.1224873085
3169,38529017.03731384
3170,7685430.87340916
3171,82444817.91150115
3172,28176792.72432676
3173,972578.6604652767
3174,1824498.9340394717
3175,26988688.511249904
3176,29167508.015460275
3177,99914098.42046337
3178,4357990.552474587
3179,5571543.304863561
3180,9741713.665600965
3181,548457.1032562751
3182,154170054.07353106
3183,15206548.339736853
3184,34768786.16027157
3185,80215293.19334471
3186,106046844.15462777
3187,20484382.710990228
3188,7626324.663870532
3189,71694526.85720055
3190,11150637.507691149
3191,8446335.607977506
3192,13742651.580653436
3193,315686734.13244504
3194,45395236.36639534
3195,1489982.6576575318
3196,17627089.170409344
3197,31291543.620970212
3198,184467897.7445782
3199,249542819.88445047
3200,10571168.629104393
3201,27739365.025685612
3202,7003143.548467684
3203,15763884.069960296
3204,12692606.263963696
3205,4246155.9270296935
3206,8558263.806388224
3207,23344686.933035146
3208,2699876.94912413
3209,4355949.8357895585
3210,741835472.9946997
3211,2061307.9413174249
3212,31579099.065594584
3213,36245372.08811229
3214,2932714.9960094523
3215,2933757.629768787
3216,2242155.03139785
3217,511214823.45006347
3218,15761277.147255018
3219,417834.57850415737
3220,80541096.81328568
3221,1840438.33123112
3222,2856209.237105491
3223,38865752.9256533
3224,2.0785717587501162
3225,7717769.505015549
3226,1830614.8349820322
3227,62041617.76365452
3228,304877025.6682115
3229,115713507.23378132
3230,11051137.73032496
3231,29733283.86371853
3232,13684156.06967444
3233,1784674.801005748
3234,1355452.3838040647
3235,23578650.768401794
3236,301059.3434918974
3237,1476516.5752718402
3238,1226959.09058485
3239,811294.9283226309
3240,396526682.02941746
3241,7106542.749500484
3242,8581310.457239512
3243,4534728.662318766
3244,668957.663027039
3245,4638799.994815541
3246,19209629.779850364
3247,12954601.67115851
3248,94546294.59304836
3249,54903236.66368065
3250,313749504.3497043
3251,5255089.882091172
3252,25872141.141580626
3253,56918861.84491313
3254,1764697.8618915847
3255,138311.73120373115
3256,12220945.270486832
3257,12010942.857708495
3258,26622693.54126581
3259,33745581.28944391
3260,1362415.1753976142
3261,488363755.9980303
3262,47306675.8809639
3263,1825390.478007873
3264,1069821.3150261927
3265,1463960.1081616995
3266,862642.3350938627
3267,18685711.587356877
3268,1935140.3936577186
3269,56821291.816563256
3270,46907005.65180165
3271,3977071.362114294
3272,4368024.27708
3273,2652006.9470072966
3274,415133196.0032783
3275,31935696.682010747
3276,1967259.3184324931
3277,22069570.975662675
3278,67639691.22469959
3279,27458841.468363702
3280,171823694.49055767
3281,5440272.154516721
3282,3972584.6461842237
3283,370708329.67919916
3284,20763649.585800562
3285,40553393.40729879
3286,3938279.9414190236
3287,19206215.407925997
3288,7113769.767171486
3289,39018723.37612894
3290,62591126.227221064
3291,15196891.827420564
3292,266636909.7091483
3293,38725987.73381348
3294,7287136.236046512
3295,3815847.652817142
3296,927810.901585708
3297,1215423.0933292145
3298,10372609.407794617
3299,4023243.459521367
3300,30322511.15197228
3301,3465451.912851641
3302,40196418.3903453
3303,1867753.4122489195
3304,9552933.258071482
3305,84817209.92892995
3306,763910.7633941943
3307,29506425.465583503
3308,25205777.46523714
3309,3712865.8273994974
3310,2311595.8872369886
3311,12913988.952306408
3312,5607664.860415056
3313,46601471.41452426
3314,57366492.195278764
3315,71212958.14234212
3316,13953407.884646004
3317,3378921.2555214907
3318,199213.44753763918
3319,14158095.951269906
3320,10860953.670311429
3321,7315687.890499801
3322,12418499.344579535
3323,132946754.72563308
3324,3569588.845810712
3325,44125692.45415529
3326,303234704.9493172
3327,56289474.110282056
3328,11320020.413983233
3329,5958471.677547557
3330,63537035.36688495
3331,1351772.59387005
3332,33446550.951034766
3333,249076344.84833434
3334,1693004.9288887957
3335,17508054.6696926
3336,8779152.189893221
3337,1232221.6888676712
3338,28111545.49792483
3339,5114053.367690489
3340,116553145.80957884
3341,4190103.5618252405
3342,63028920.66920662
3343,34454711.30479314
3344,809770.2346479066
3345,23270267.805203468
3346,11741844.820631025
3347,3510396.583171211
3348,19741360.34910228
3349,53875169.995613664
3350,497026836.6516663
3351,27757165.087417725
3352,1725323.4276786363
3353,76546699.33035566
3354,2363591.307241315
3355,10171103.782514518
3356,4432734.3561841585
3357,5525872.11913856
3358,16032281.751627475
3359,33119005.779666815
3360,29645118.263493624
3361,88164382.17999251
3362,13815979.427853694
3363,12606407.588303616
3364,18006224.023810815
3365,420284.8529274933
3366,83184506.11873986
3367,70956831.60025866
3368,2979956.2236808855
3369,18340934.18643768
3370,57150344.25385296
3371,27237850.60950748
3372,17698004.577619433
3373,45055304.521361135
3374,9264394.75139552
3375,53220679.701361194
3376,19277945.287368182
3377,29068715.4800528
3378,2464076.8609525557
3379,160537553.47684133
3380,28445295.306777515
3381,6930821.714422557
3382,3658547.775187843
3383,6878949.787442907
3384,44732061.85682834
3385,45106284.80073927
3386,5235411.795866967
3387,3295124.014920839
3388,78947133.09450571
3389,983942248.3806376
3390,13013575.970318876
3391,8391925.572861178
3392,35697959.509137884
3393,3338683.298038712
3394,84880529.51801446
3395,143230761.09359095
3396,10371377.00193295
3397,391374.3383049473
3398,299709948.9801459
3399,94906112.00816867
3400,6746163.248275045
3401,3204911.608519312
3402,2205989.5134236137
3403,46042221.432113715
3404,20233289.385006562
3405,4009038.928325729
3406,91395509.64760807
3407,112444204.86138578
3408,18432296.52993867
3409,463088.9542779513
3410,26347499.8136056
3411,64163729.09093978
3412,9294404.64600322
3413,40400702.36874705
3414,9746107.48581177
3415,12448260.972343827
3416,24899175.15055533
3417,68330062.741889
3418,38869486.74473481
3419,417587419.9043802
3420,1804031.9852395821
3421,2487123.757419117
3422,13055499.847146293
3423,474066287.7514573
3424,5422885.943044082
3425,2097574.479585989
3426,15318405.948217591
3427,7994741.744397784
3428,1786355.6963369644
3429,10883227.621241229
3430,472185310.88393885
3431,6007808.099247676
3432,8294677.864181594
3433,2162534.1775206905
3434,5475005.934778405
3435,343931234.02032846
3436,163598036.86329803
3437,5698971.182112534
3438,34632725.367177024
3439,28227792.655698087
3440,24549250.783871453
3441,45761768.05171415
3442,12331954.934186539
3443,2383168.181995413
3444,2317494.3983270708
3445,72204665.55197242
3446,2391775.5946970764
3447,18380513.951113705
3448,17322339.54944985
3449,12708789.527382083
3450,101783666.44231609
3451,23697915.48274833
3452,12636486.130258184
3453,18703241.604875065
3454,34418282.62372741
3455,5598026.469353719
3456,111196544.31861936
3457,10338615.305241548
3458,19611208.20166805
3459,660455416.7334856
3460,4634421.887408018
3461,22317210.715320244
3462,6871596.120507319
3463,20758102.652294535
3464,861525.8256008317
3465,7633479.885202609
3466,30959960.62252403
3467,31347400.307403896
3468,67790816.00625646
3469,5398720.8655169355
3470,1444779.1811885573
3471,49212844.65217566
3472,173630.55923583798
3473,70416951.58935092
3474,15459228.171749098
3475,183354241.73572677
3476,43429272.925290965
3477,1772247.9620614273
3478,13321442.762733772
3479,333094857.66325545
3480,1644639.8635311727
3481,2370282.9952375153
3482,1431537.5909896411
3483,4890565.156574363
3484,2890811.5424709576
3485,69184360.58301777
3486,113659547.20982468
3487,76964184.13892516
3488,89188151.76938345
3489,21677420.83779109
3490,5413192.377303292
3491,14791940.10336827
3492,6233975.187794946
3493,24722282.776606794
3494,23085191.17428239
3495,82934144.55782467
3496,15096592.406384237
3497,45067851.705994785
3498,10314081.271610698
3499,33570017.86802274
3500,980923.14972299
3501,68895007.25966644
3502,26168188.47874884
3503,4724221.875904202
3504,30045642.370308414
3505,1001958.4107156533
3506,106234725.67715098
3507,163674884.00092456
3508,18810500.440011997
3509,70747255.00354016
3510,16401100.750664242
3511,32835863.202058945
3512,164060838.3147684
3513,11920609.843203016
3514,16286265.57162584
3515,2318150.41293515
3516,60925403.712710485
3517,733265120.7285968
3518,15021718.37298894
3519,21292509.217269477
3520,24050079.73365398
3521,3343548.5548285567
3522,9735628.78107225
3523,38285904.65234217
3524,47345580.299882434
3525,118571319.78526276
3526,33019140.28582782
3527,35462002.2475615
3528,7839737.3175672
3529,229618539.0941285
3530,30786088.335937243
3531,61709621.2488549
3532,34492988.099401854
3533,39063361.74286878
3534,17715282.21834156
3535,179416227.9238508
3536,4410069.053628259
3537,61825882.252121836
3538,52258774.6440192
3539,32870615.934192702
3540,17942426.290558744
3541,13985731.823696718
3542,28914133.23740723
3543,4937351.383108893
3544,49354076.81765317
3545,193448.65489006112
3546,13698022.232471647
3547,89307599.72511931
3548,232885982.75248784
3549,2796487.627418546
3550,183136491.68946272
3551,118902955.03338414
3552,41156224.83081164
3553,9581034.759134946
3554,157321309.58231133
3555,284430881.46651846
3556,3313248.4174248865
3557,9431898.578925941
3558,392771320.5029706
3559,29637141.978850108
3560,7245290.6157618435
3561,98703236.78065528
3562,2137816.5785957887
3563,15361147.50052382
3564,4525844.455348943
3565,6141801.691320348
3566,30782264.102354318
3567,4207645.936883019
3568,3593644.3014170513
3569,81338481.11238483
3570,4004430.484276307
3571,46531634.027386054
3572,125710158.73106618
3573,6057614.953192978
3574,24680974.132910088
3575,6617741.822769851
3576,13283672.934357006
3577,56507944.21505386
3578,101370618.9202781
3579,31998802.42659683
3580,22828835.34388402
3581,13493785.232053764
3582,110819236.38829894
3583,266263.40669427434
3584,12949821.439701673
3585,57674609.58814166
3586,43414459.0531976
3587,45718765.68321538
3588,1484747.8354910908
3589,9080804.473158732
3590,31184482.46826518
3591,605881379.4328884
3592,5214048.751060999
3593,4143428.871518764
3594,13721.225177612438
3595,18143085.510699652
3596,8526458.501628451
3597,10827978.086404972
3598,37634383.4548062
3599,5277780.617653896
3600,5112262.832617958
3601,1217728.6606787674
3602,121923.12173752316
3603,6826662.055360927
3604,4190509.4457704886
3605,24000788.961605307
3606,1881156.7628458114
3607,38323440.5964179
3608,105655467.1650054
3609,3780854.8954298683
3610,51066043.703880526
3611,7932494.561109485
3612,6103011.387828702
3613,23931134.467894018
3614,109958832.28066652
3615,44504696.22563814
3616,35584278.62244324
3617,12717482.580846949
3618,163774738.81753358
3619,2623.767940675833
3620,143380907.9194538
3621,199065055.3060879
3622,134269561.4701082
3623,71637685.33679895
3624,2514807.540967736
3625,10503729.08293582
3626,10899856.146142885
3627,18458440.605334587
3628,283763353.80636704
3629,3003247.410734239
3630,634432.3783467434
3631,83810718.34359704
3632,21231652.322558552
3633,56089757.73787476
3634,8992926.482204694
3635,927621.2144761106
3636,45656562.58701762
3637,2627929.390260135
3638,17027292.39306435
3639,65330467.69573531
3640,268819212.7817017
3641,9553211.17374666
3642,9948325.032560235
3643,7476861.691363518
3644,9115588.699384904
3645,23213874.193878386
3646,844395.3861578215
3647,21795329.988736585
3648,4802504.388161925
3649,12939614.440461226
3650,11455604.419060754
3651,484134353.9809868
3652,52217355.06418905
3653,270397819.05820173
3654,10643879.853388539
3655,10659196.01801081
3656,24490462.163134042
3657,1405478.994335739
3658,7262150.585877908
3659,153939674.98592204
3660,243549869.72236702
3661,8129088.487003082
3662,18191458.763998106
3663,595890061.8001964
3664,3193889.9628763637
3665,4764808.230539647
3666,4860137.740029047
3667,133486692.0551353
3668,34438508.67136481
3669,10670519.569658913
3670,56419001.75452951
3671,53151610.827961266
3672,10422340.572829256
3673,113129324.17922491
3674,4634925.806516107
3675,323995750.94009644
3676,70344222.31035422
3677,2689992.2342556645
3678,8762809.856722599
3679,24348974.27153679
3680,1802132.4088406826
3681,357942.6607477349
3682,97040564.08593714
3683,3008185.698480854
3684,104476267.92649885
3685,105613739.83116388
3686,4446044.963261336
3687,117493281.82020403
3688,9307504.081013285
3689,7306300.769570378
3690,85662593.21829866
3691,811858.9768646859
3692,2685278.249729801
3693,39451629.77634601
3694,144114703.10495606
3695,60833437.560318656
3696,26519602.248908408
3697,9759432.658900307
3698,35707923.92399064
3699,5050986.698561893
3700,3665348.675621627
3701,32531381.15278223
3702,87031.12125849562
3703,112960111.43471761
3704,56929528.79301146
3705,23581729.65466521
3706,106898577.60484824
3707,1998307.41464405
3708,12252387.758419454
3709,145027009.7305087
3710,25900310.064324066
3711,7339116.697459434
3712,30398232.05816111
3713,4902743.346805055
3714,505640.2046638858
3715,3757795.105285
3716,2342961.2475432167
3717,2506258.5785427927
3718,37085998.75128889
3719,29813683.90869371
3720,11824245.751580661
3721,177452.69243389525
3722,40737490.3903786
3723,4749399.079884043
3724,3984013.0216716626
3725,136482084.05266964
3726,7607201.776088506
3727,71505450.14715168
3728,77227414.37049268
3729,11910819.202294877
3730,74625070.00619605
3731,123982358.83695297
3732,1521684.782677839
3733,285499679.20783675
3734,357776478.9501551
3735,11173423.352621092
3736,8193685.452849519
3737,16637020.67946615
3738,337931.44836140436
3739,2762968.6628411813
3740,7114086.170196781
3741,11314698.095406424
3742,94247180.50164947
3743,20083872.430606704
3744,163807135.735917
3745,30805089.22176474
3746,234460367.80467197
3747,19431.309333720685
3748,3118534.561057424
3749,11419612.543985248
3750,493960.860948275
3751,5867117.127622478
3752,1305196.2388855384
3753,14701099.390991509
3754,31549890.7024367
3755,28075421.621427704
3756,10296725.109830875
3757,101512415.81345007
3758,66866707.21640372
3759,6308709.263449051
3760,166262177.74702993
3761,29211231.485683635
3762,297564511.59265
3763,23286796.792726394
3764,36655312.6636035
3765,10792167.356395623
3766,997175.6111284766
3767,48170955.07236835
3768,11484583.736980509
3769,2933721.0287290746
3770,24280427.418496
3771,44811795.07004447
3772,21729724.029448114
3773,5849036.407098511
3774,13315935.528746301
3775,88206563.46978858
3776,56721926.17664863
3777,917025.2583454609
3778,1534796.4691787786
3779,44682189.226097055
3780,1085567.965354251
3781,20175859.27366451
3782,534897.821659858
3783,25737460.72674195
3784,2270012.761113872
3785,330316086.0133622
3786,7975171.8374751955
3787,174007519.1184461
3788,451782903.8152037
3789,30679887.503853384
3790,5416249.375167388
3791,5982488.167319249
3792,1004770.4400297597
3793,2546256.413073872
3794,1889430.8437964283
3795,339952224.33386075
3796,6345659.324755719
3797,6898821.18597951
3798,92165350.90458404
3799,9418805.946396548
3800,381492.97304999235
3801,122109679.6624738
3802,3033280.3542893217
3803,13621508.24121591
3804,2909206.850337808
3805,1011104.4236664138
3806,142559721.3614109
3807,5910529.424473757
3808,634803.0659461155
3809,31823398.26992724
3810,16633463.705752345
3811,31345133.914530203
3812,1086328.7758729632
3813,9352.671377157241
3814,2777433.1038873144
3815,42592423.51891598
3816,197376353.26020333
3817,124393880.48038958
3818,42848791.06407284
3819,9961685.100325722
3820,70560799.64822006
3821,62636069.09863929
3822,4749728.155992879
3823,7912726.861914307
3824,2279393.518782315
3825,24909081.09636216
3826,72145488.59258257
3827,55778657.636083014
3828,800846.45822798
3829,621971.440709628
3830,55824783.4067329
3831,84.07934090955577
3832,255410118.36044064
3833,21821351.163016055
3834,19432374.96785804
3835,5951830.4522092305
3836,3384204.1919036154
3837,31481724.519620925
3838,10359272.457077242
3839,5211307.684969234
3840,35709230.578596145
3841,1522058.9448189035
3842,2793697.8270678413
3843,24361068.181164462
3844,10506878.979957849
3845,16350.027329746486
3846,2883634.687300517
3847,3907315.8600488976
3848,2113979.634153034
3849,91999576.6368041
3850,26214684.464983914
3851,34494828.49138049
3852,687164.691866293
3853,81020679.33790982
3854,1471320.4405135815
3855,10152734.818657817
3856,40691242.74038075
3857,191946367.63634405
3858,4429956.232524168
3859,30169378.409105334
3860,12152217.062074931
3861,12953669.989090037
3862,10352923.073676232
3863,61667223.87986632
3864,26060547.924846344
3865,135079808.51339298
3866,1261214.3242949606
3867,26729856.06256256
3868,2692510.3408126365
3869,68278582.03926635
3870,80329182.41495629
3871,445893520.26669276
3872,18015581.324354682
3873,16949978.831980098
3874,2445673.013276155
3875,37249784.63653567
3876,89496.34553581913
3877,60681045.49168756
3878,191864141.0636943
3879,457151500.65146667
3880,13138158.13417325
3881,1795974.098729339
3882,6170914.236987107
3883,786129.1225363087
3884,255535763.10739437
3885,576620.9569704632
3886,33114977.735341385
3887,11732119.07654096
3888,1692269.5717470094
3889,10712909.5877478
3890,134971696.50752676
3891,7376595.106004267
3892,8453728.780835018
3893,324955283.02011424
3894,45944334.33942211
3895,33141745.597113974
3896,28868934.31460294
3897,25380618.849945392
3898,21321853.92462536
3899,471571931.74570143
3900,7986635.294109037
3901,439944.24395453127
3902,1325303.8472402943
3903,13147693.616274029
3904,5362722.638600278
3905,12956397.677620312
3906,110624438.53966098
3907,5246160.421570693
3908,29668458.276001073
3909,335601.662153545
3910,17391513.26829642
3911,686594.7266264512
3912,9873064.114876524
3913,106470294.29159833
3914,11545537.136632388
3915,454083778.82778007
3916,6782750.437456736
3917,8838912.400885068
3918,3179025.1362541323
3919,52166891.31717522
3920,28313546.616708707
3921,2319022.5805144142
3922,18934733.523713764
3923,39455075.38265889
3924,9561083.042636136
3925,258892883.9293503
3926,4595859.914688607
3927,95290941.33325869
3928,77328277.91862541
3929,50114530.38936185
3930,16591880.525355315
3931,2268646.7485373523
3932,12748726.292257326
3933,18440467.4726327
3934,54906129.19918213
3935,78.99989210316532
3936,16788738.034610067
3937,74341859.7691735
3938,15820432.016530445
3939,41654920.330374256
3940,18741204.614687297
3941,24055064.69609268
3942,225600721.31004733
3943,493012730.80715877
3944,6194469.687463182
3945,8457628.107308913
3946,5607412.0103473915
3947,98718120.47151802
3948,6228530.409529347
3949,11206185.903324606
3950,9710634.85059537
3951,1431212.029241063
3952,59348136.294212036
3953,54220497.00175636
3954,643881992.9293263
3955,17462262.609735128
3956,56319563.74792229
3957,16889597.711030874
3958,1607326.0864349192
3959,6976512.167777943
3960,11960672.268063935
3961,27263063.21261686
3962,14213937.094365237
3963,5890834.469649492
3964,727425495.9742305
3965,57642810.020610444
3966,7413746.364400374
3967,241944144.78731254
3968,22296025.47753027
3969,7522324.41336957
3970,11146938.647775618
3971,6495070.504709754
3972,61039335.556572616
3973,43977105.47525451
3974,5223907.671157622
3975,123958814.48347166
3976,43046466.722737044
3977,83894101.10839683
3978,214799947.26261875
3979,11074358.8529658
3980,2449238.2867557756
3981,561367.4754294781
3982,4645196.6892969115
3983,4060517.300375013
3984,69040754.19440344
3985,19260674.01398418
3986,982133592.1183431
3987,30380456.9223125
3988,3225443.6819615765
3989,20668198.732308798
3990,17942163.258079946
3991,2897559.5661519314
3992,7864683.038582003
3993,7409124.850785928
3994,45806265.96518522
3995,30242272.799586195
3996,62783255.43539265
3997,4924131.335274558
3998,136531003.5735174
3999,29085178.657373715
4000,18205557.072146125
4001,6890069.984210551
4002,404166819.6267166
4003,2376079.5872738175
4004,66288649.97123373
4005,254487.8104808881
4006,19938886.410100732
4007,3118469.9598496957
4008,7474136.413242222
4009,8021203.125581274
4010,8023633.704298162
4011,8346074.372692226
4012,213229072.47656316
4013,93098371.23747078
4014,2453550.9332300355
4015,52490419.52000676
4016,13821648.185578343
4017,3963616.9189422573
4018,35606759.96320861
4019,201729678.46543303
4020,31306229.030778654
4021,95799609.2108044
4022,41460662.529575154
4023,209796621.31324914
4024,100542936.38430426
4025,1266911.7337868684
4026,84450633.76711622
4027,39083722.903230645
4028,1403085.5033734927
4029,976449.5540617356
4030,10871012.02262088
4031,47801537.74683363
4032,2547309.9644602733
4033,759156.1299839618
4034,2994853.817396133
4035,66303496.207433596
4036,1600492.5828024482
4037,53558623.963192165
4038,1897854.086473547
4039,36828504.17762841
4040,4575785.68820998
4041,6514823.171805505
4042,26389104.399637356
4043,5204557.113803723
4044,54199689.73536764
4045,48597941.37397344
4046,3900924.1853717067
4047,510946757.90388477
4048,6339309.039343239
4049,57.16170812383123
4050,4056438.4810310956
4051,496479130.0244093
4052,2559299.2416400015
4053,2121012.683514089
4054,1936278.7808208314
4055,2693807.9110241923
4056,1416185.4704861848
4057,350873.6900534449
4058,1581094.746805104
4059,2593569.847608677
4060,35465786.258619204
4061,232565623.87787297
4062,33038581.369157016
4063,15792397.642488007
4064,305474685.2435886
4065,26823698.944424246
4066,4254132.329095914
4067,21851404.715845134
4068,4842637.754742125
4069,36905886.983107716
4070,11477337.413539927
4071,8905509.018829947
4072,21352633.183071632
4073,185048172.53417382
4074,2472.9838619561515
4075,16692905.074762166
4076,12842043.534925599
4077,247484090.61858967
4078,1864655.769881898
4079,65564666.02470974
4080,24059620.626558986
4081,11312511.367048608
4082,242974657.48722133
4083,26424007.154497575
4084,4302003.140488966
4085,13302679.816624768
4086,117047865.45101857
4087,4685778.840924282
4088,49922617.06181659
4089,15245426.993866453
4090,3114953.1722425953
4091,57676725.78234347
4092,32145170.35211959
4093,48733566.01923901
4094,4839055.826310781
4095,195386511.89412436
4096,23806088.283427685
4097,12526458.436217697
4098,6019460.609766703
4099,4420835.072808037
4100,32804654.01005339
4101,38998055.9480958
4102,2552552.803675224
4103,31730523.148262456
4104,5341257.865580677
4105,2414887.507753316
4106,7024451.486996839
4107,4863073.617892734
4108,13160638.585978309
4109,1618833.5215166202
4110,27757434.096367784
4111,3856605.483269981
4112,13979482.14599744
4113,1453259.2853484927
4114,65020167.21872132
4115,7068983.347975498
4116,9603431.072676443
4117,8943562.923855217
4118,23282952.389893644
4119,12735085.18595849
4120,5600307.880160442
4121,821742.5499593961
4122,121763410.94549619
4123,6170995.722858544
4124,46121589.560761265
4125,17057235.321623527
4126,3393606.377011545
4127,12168728.056084035
4128,38767888.35293921
4129,14137655.4471331
4130,13574877.486864207
4131,86562772.52951853
4132,85416661.10359909
4133,25622994.18540711
4134,2857506.332158096
4135,13891418.776763322
4136,439223159.1689967
4137,1737231.951857551
4138,35676303.78041714
4139,10621138.836934049
4140,1898903.0633016156
4141,3868886.312513581
4142,28578545.18303889
4143,20701421.316770453
4144,1925672.0013812692
4145,11926846.581886409
4146,7921944.03098174
4147,829881.009904319
4148,6692837.555393754
4149,7422031.518278131
4150,4046811.9760326096
4151,16581359.897451563
4152,25976200.334709283
4153,2923392.1512972116
4154,1204645.3796055552
4155,19591519.14285849
4156,1294754.327431816
4157,1498729.7862470704
4158,11466895.360420197
4159,109211324.4851123
4160,313472870.01236475
4161,21338998.660610087
4162,15370168.208902948
4163,196825000.6063792
4164,3421735.733166643
4165,4439089.627916644
4166,5589381.190510062
4167,16351423.71295764
4168,828435.8190275773
4169,18394862.086648285
4170,12127959.33560391
4171,108660157.25114977
4172,70309384.15923877
4173,3780137.1797687775
4174,942748.1158328373
4175,1891253.3414508458
4176,13013684.135573888
4177,457783.6836383249
4178,450728726.5377513
4179,2868581.2250951314
4180,82080819.13049583
4181,18727852.059276156
4182,2817192.3694981663
4183,76403062.82216606
4184,8361761.362163336
4185,4529927.22304903
4186,13331216.659893068
4187,8693133.454193557
4188,7358896.937155967
4189,3760908.8734532106
4190,1094632.702600683
4191,4288976.067680353
4192,14617.051301877236
4193,138672336.8178049
4194,89288195.21392556
4195,13120426.584459985
4196,8353215.204930467
4197,11572225.509857992
4198,558301.0378471011
4199,4962725.6997001665
4200,72899635.62762624
4201,49636111.95097117
4202,29651975.910400394
4203,9527603.865903702
4204,39174142.72413895
4205,12990605.498191118
4206,20877434.826123916
4207,508406434.92467296
4208,636021230.034301
4209,6545669.143583837
4210,87632251.48464349
4211,14546162.840687947
4212,286273036.15368396
4213,2775460.7292294917
4214,11609354.608289367
4215,682055.906045008
4216,2064287.7038744914
4217,6348108.258943253
4218,33604609.067378744
4219,10275772.31067504
4220,9702060.23539848
4221,1393380.6275505375
4222,4150700.4365665196
4223,48662192.23781847
4224,4198393.067258453
4225,20886519.701260604
4226,22390152.67316549
4227,15762081.230524674
4228,2319771.6573605114
4229,62232738.64689634
4230,22218301.663083106
4231,8059504.509271818
4232,453887.67865744565
4233,138174235.90406713
4234,14900351.835857658
4235,5900677.878704117
4236,4655405.143573867
4237,1430890.4754633796
4238,24737012.094811026
4239,133398520.9397127
4240,114086726.21433617
4241,161422972.36167133
4242,8664080.43271019
4243,6349433.470292746
4244,42849376.95058056
4245,12614073.97841944
4246,2583655.584186505
4247,30033723.558075912
4248,1833697.1582126324
4249,8496544.229743343
4250,5713432.704670807
4251,10261076.806294853
4252,145840097.9796106
4253,79693514.31806451
4254,52971286.61794817
4255,36674406.387054086
4256,349452110.3353122
4257,77340059.52827886
4258,23625482.758988995
4259,889703.141030991
4260,253821029.61816353
4261,5579318.30813696
4262,1569580.6642335409
4263,1876210.8599751964
4264,520169909.20008576
4265,26156425.727633793
4266,12014843.387813713
4267,11331575.156635886
4268,16811989.871589962
4269,6728413.906625056
4270,388268797.8843156
4271,44400033.86373296
4272,5740540.393718415
4273,49378176.51233621
4274,35839185.19758192
4275,20417611.907800727
4276,17160452.791637246
4277,33293551.487363048
4278,19280062.221220776
4279,62498379.47826006
4280,3687135.6659916625
4281,4270583.854056774
4282,206801783.22849602
4283,428658.1337223529
4284,3479485.4423105596
4285,1682724.227293312
4286,383615224.04206246
4287,13744815.997704284
4288,54959167.717133425
4289,63665261.795024306
4290,99664878.13419822
4291,16426483.834486878
4292,7003663.551515332
4293,5928909.41684085
4294,110594131.21067578
4295,91235493.68111336
4296,26535193.559847523
4297,80438652.61670153
4298,9669652.01045409
4299,7958404.409527027
4300,29859737.785532292
4301,4923747.800349682
4302,9925349.297408832
4303,2058799.9281800583
4304,14873096.854838133
4305,16945092.47948373
4306,4998389.5501285875
4307,170186.21057444616
4308,4028853.876046529
4309,23430159.004778896
4310,5400412.862621794
4311,3271073.785140584
4312,39449011.526057296
4313,165834339.58712953
4314,9885446.372813081
4315,183411170.11380047
4316,270469332.8356269
4317,22022938.13454745
4318,27513381.46124463
4319,2676064.2572394656
4320,23663482.169693016
4321,55138682.92500374
4322,2048552.5578579244
4323,13887245.82057039
4324,32981898.57826342
4325,3048317.4526810735
4326,21779434.489456367
4327,33981926.67897563
4328,15865167.896736259
4329,1517824.5430500945
4330,471161241.1887881
4331,35373074.78048167
4332,94229813.90370268
4333,6379623.613750065
4334,64578931.19723267
4335,134606513.08573478
4336,38068905.86548778
4337,344558.79627586703
4338,148437918.40310836
4339,74612123.6453789
4340,5972563.707879169
4341,18820810.25253865
4342,9709224.331840886
4343,29521936.41305628
4344,1430480.6910662528
4345,14979167.488362521
4346,34663810.65219078
4347,76362990.91312183
4348,1946233.0583382284
4349,120250237.26227629
4350,5805127.913174002
4351,83366808.86628336
4352,2510121.4255062
4353,115785131.15291539
4354,19498892.21306991
4355,14418573.521588737
4356,7964278.5217501735
4357,51717916.67083159
4358,3992526.798046501
4359,8716304.556510136
4360,51288922.15914908
4361,34085867.76819588
4362,3901734.560630715
4363,59345543.16403967
4364,52111759.08390555
4365,5287980.9079031935
4366,8301372.893625153
4367,11748081.943283482
4368,23097157.019094028
4369,39775966.07891088
4370,134365991.199613
4371,24598140.696037296
4372,14885675.558841322
4373,22666454.93677499
4374,17659077.841743767
4375,5563373.331330381
4376,1375892.879986325
4377,24367979.13334807
4378,22264119.099590346
4379,70156600.69648565
4380,64442462.283614546
4381,92234470.52072851
4382,341512126.9765041
4383,181097442.3366492
4384,44538039.19272551
4385,14200358.244086828
4386,29658191.026646946
4387,23698627.5466707
4388,20533382.992816832
4389,311843314.6634779
4390,383698.199552378
4391,486412.2386605653
4392,58874044.04458857
4393,59722769.698972315
4394,25680027.374911875
4395,56463787.28281574
4396,46867081.854578465
4397,74333271.68404472
4398,143820989.8554585
4399,280840.83720064623
4400,847556.997688505
4401,41370300.706564054
4402,9051474.448174147
4403,17159339.90570031
4404,26331133.629469745
4405,27862149.46514925
4406,2504209.8269110355
4407,532740.1982801255
4408,3692111.1093743662
4409,4701667.856877895
4410,2578567.8789090486
4411,5239843.657051764
4412,58259852.02121823
4413,84617092.50362477
4414,2349719.070131128
4415,9140255.46022353
4416,2510897.124062814
4417,168181006.1875982
4418,755828.2450423628
4419,45701002.886322364
4420,354022784.07028294
4421,1086093.2431170242
4422,16693085.168030245
4423,5637730.923546352
4424,8.202756956537323
4425,6369565.2641575355
4426,50314820.562662005
4427,81712320.22535981
4428,969706.3208161438
4429,707947.453626053
4430,1151962.6779863976
4431,7221.799243183856
4432,145238925.91178307
4433,276954330.15686065
4434,273796134.5279845
4435,20606237.030865174
4436,17962731.982144438
4437,3887238.5234865965
4438,3784503.224490041
4439,15607277.681063248
4440,410017.71641793766
4441,25258549.53441064
4442,480357.6989053962
4443,1754171.587864434
4444,3683504.001978502
4445,18852050.781160656
4446,6352115.909395579
4447,132395792.73261371
4448,31858730.816393487
4449,9248434.491550338
4450,61020395.49617078
4451,531264726.13645107
4452,20312305.91216655
4453,2889427.704216971
4454,4075024.9732093196
4455,16971990.273694277
4456,45635135.34854596
4457,1132655.1127216455
4458,71930067.66879928
4459,61529208.161720045
4460,8319.6069964063
4461,56379425.51772599
4462,16635541.964204224
4463,954107.1327877397
4464,57304156.60495386
4465,761491.4526688426
4466,1318160.7854600868
4467,18073192.587509595
4468,9562895.999757348
4469,17738540.290134527
4470,35037129.18412874
4471,4137731.921384656
4472,89818768.43698114
4473,24591284.664327264
4474,18579230.16006312
4475,3973674.746078587
4476,501955.0731605514
4477,8346296.363515451
4478,3488428.9547095755
4479,406915.3238582966
4480,87720601.33653672
4481,8180089.402746382
4482,31582921.02285574
4483,2321760.9525008723
4484,5143275.2772552455
4485,20439673.205884084
4486,37684996.90576008
4487,19635178.275164586
4488,72959505.31922363
4489,26254444.704502795
4490,1272811.7001644596
4491,137795428.2321665
4492,9078913.930664439
4493,5845912.234175924
4494,22805157.14203496
4495,7263967.20219213
4496,26417745.793936223
4497,10416426.270600835
4498,8306230.826095023
4499,2682962.9788582786
4500,104567894.63009343
4501,87165474.77428664
4502,39037650.40442048
4503,366859920.9741343
4504,7734662.06122753
4505,1538765.6383623097
4506,56257129.730346665
4507,807730.8625314918
4508,410993.0026552223
4509,3910439.972467246
4510,8428157.86361989
4511,134298119.15281337
4512,1248484.4970312256
4513,46162492.2048593
4514,799092.8795952958
4515,136294025.75395966
4516,4292513.146216105
4517,3861211.2815104076
4518,27509318.962263837
4519,51991615.08390829
4520,3694523.3420354575
4521,25962435.34888099
4522,46959657.770675026
4523,17242153.15568506
4524,10273069.90996442
4525,11626183.106135553
4526,532994.2204892162
4527,13732533.314047474
4528,19546707.883499745
4529,4051263.813803573
4530,4546440.931945423
4531,7296377.350403573
4532,6085909.389185181
4533,24956036.52460598
4534,714819.8707573217
4535,71289591.5312982
4536,5886691.089711839
4537,6785276.7054782305
4538,9107221.935623642
4539,503237.39948319114
4540,97523967.24809262
4541,7188936.720247382
4542,42998161.14859693
4543,41061350.25026699
4544,36406880.13273997
4545,421848.78976690094
4546,2528059.945840039
4547,2078620.7819639982
4548,11273223.05291218
4549,404983.70393980586
4550,43196149.18379066
4551,820600270.9562585
4552,81062839.76548137
4553,450106.1539189424
4554,345751822.0146238
4555,492755.13090820337
4556,24076723.93228266
4557,88230492.69432211
4558,8864475.007668221
4559,47765437.79230206
4560,114807645.8027401
4561,18625504.138641853
4562,5322968.073713482
4563,140895707.63091978
4564,111483.79197165422
4565,10072868.418174151
4566,13073300.538783615
4567,26593720.473103102
4568,9096716.504990356
4569,3295523.9831270566
4570,6487076.526938295
4571,1260410.7091879616
4572,20941247.303886943
4573,16659337.055525549
4574,2320487.3880184446
4575,5326356.979562231
4576,4497657.799942419
4577,9233132.368927313
4578,23325290.448426012
4579,15537776.668162156
4580,73988675.1880377
4581,1830330.384251926
4582,55502136.71618575
4583,162245992.72042426
4584,6141609.815770077
4585,120849883.55494763
4586,10453187.927074231
4587,18695163.35174216
4588,209294968.6262333
4589,9893978.122772416
4590,778726130.774331
4591,49845475.95606147
4592,3440043.7266216404
4593,459932.45352690964
4594,28544344.785697196
4595,529017569.82231665
4596,436247714.8733813
4597,20573576.614896618
4598,31972354.60911552
4599,11403575.411980063
4600,3257940.4869273594
4601,33637884.11298837
4602,10587668.836569503
4603,18390923.878995195
4604,41075812.56017157
4605,213256919.36796403
4606,204576705.76539278
4607,14143055.809815308
4608,13844411.90644826
4609,16079118.029285613
4610,133726766.02573729
4611,14151274.272267332
4612,11164160.643421011
4613,23451090.57840289
4614,31119413.83574959
4615,1744335.8423440633
4616,203895.63046214008
4617,43590623.83878728
4618,832338.6492598193
4619,6849502.967239857
4620,1012965.340769424
4621,190987410.6723264
4622,30993878.997822914
4623,16190344.116086816
4624,2238.351887509671
4625,4275084.75094966
4626,4863483.1869850075
4627,13831619.729859447
4628,16340716.167434175
4629,8512158.870959315
4630,8836925.08131343
4631,11561284.02627376
4632,3265461.938750345
4633,9733705.582326341
4634,9138135.091798477
4635,562439.4059366417
4636,139223026.22198823
4637,4882508.087653313
4638,3203920.9672177276
4639,934630.1614742627
4640,13552430.20179551
4641,1031182.9281973878
4642,19752997.99672152
4643,19108734.56533935
4644,2882515.6713185194
4645,22537.329843420972
4646,747337562.1898078
4647,5133849.157523515
4648,9721204.771755468
4649,100844152.09865852
4650,112968850.44976844
4651,56355437.58102066
4652,698533087.71505
4653,1482036.4866345485
4654,105660156.50710449
4655,45043415.799642384
4656,6104163.395118839
4657,17755360.67492876
4658,29370051.85012681
4659,9787158.487831319
4660,2465171.9373991843
4661,13343890.040338006
4662,12639709.41064313
4663,35521534.979085006
4664,2965631.1644554753
4665,15045674.187600369
4666,762439.4502838411
4667,186983743.65201935
4668,1999270.963821464
4669,15636719.399238862
4670,27454664.481442407
4671,1980685.5770482712
4672,2094309.839596555
4673,8892637.001339711
4674,8175315.930279464
4675,6110387.469388352
4676,3897023.620242216
4677,980609.2602876233
4678,5591587.574238796
4679,1410000.3702297087
4680,6144545.257871244
4681,7920965.673678859
4682,13309160.495447306
4683,4475210.044295016
4684,4317274.751304195
4685,18633368.666097034
4686,2763805.382892278
4687,5889919.25002153
4688,98848719.87584282
4689,20267589.550664093
4690,48280051.05360366
4691,9670729.052576384
4692,22589662.686374906
4693,611235.576660746
4694,6285330.462667463
4695,14190375.76839664
4696,100601599.19504759
4697,116742009.19034413
4698,7115898.794535067
4699,1656360.220250322
4700,79933084.97071236
4701,160310080.98967144
4702,3530538.301131113
4703,7251349.92849566
4704,41183566.80762679
4705,27695101.03769044
4706,45594132.79240671
4707,173427.59531117682
4708,26791921.713350944
4709,28.76406759723349
4710,159889856.2232589
4711,4635547.971762992
4712,1595812.309216164
4713,328816993.48821366
4714,1257688.0218481312
4715,1098383.3131768522
4716,561173.0820011457
4717,10540618.751715137
4718,5208004.134119085
4719,85628187.22184898
4720,6538386.482884693
4721,551462.6023470096
4722,47032369.044709034
4723,629970.320671916
4724,88895575.70668973
4725,3230195.159621823
4726,13688190.285451477
4727,18834013.382158957
4728,16052628.364149377
4729,79493339.36213252
4730,2765205.4300994184
4731,37981026.293127194
4732,361960780.41594833
4733,3737428.8356371704
4734,160483267.5331722
4735,12039999.785192309
4736,25188680.606809482
4737,85092939.85927822
4738,8981146.058385592
4739,88925239.31577635
4740,395144315.06300926
4741,4365644.749461371
4742,98738838.02116086
4743,272579.16212028626
4744,2118314.4631841374
4745,416985885.4739648
4746,26348222.398817785
4747,11392225.278388359
4748,58244501.88227369
4749,1036517.4878893542
4750,11472701.408274125
4751,55980836.99346048
4752,15764757.889812898
4753,13488798.203295905
4754,663648613.698447
4755,26728000.632973846
4756,31247529.200876433
4757,116839116.97762333
4758,101065578.42714897
4759,244092337.83427635
4760,3194816.7240444543
4761,14539605.79230957
4762,11656025.74038681
4763,2692449.2125312015
4764,525882821.03584266
4765,20821332.748423923
4766,154619349.79868326
4767,44011044.77677535
4768,129497151.31176579
4769,9450618.08289899
4770,63157674.86419396
4771,16810121.037698776
4772,6676542.296574767
4773,4873265.311234556
4774,11027148.584565403
4775,4569601.930202808
4776,5508922.32789304
4777,172064911.76033208
4778,41848180.5699707
4779,804978.2211080078
4780,249601652.33608174
4781,3216142.71769135
4782,11139439.344573256
4783,3951045.3486507405
4784,8714083.570156194
4785,19632346.550983198
4786,83548585.36994825
4787,84158820.90209198
4788,12727486.232882788
4789,2642064.996061664
4790,68684937.8529368
4791,14069662.809498152
4792,6617815.455267079
4793,29696135.050446782
4794,4253693.904674852
4795,22652554.884309184
4796,10107890.77381936
4797,757947444.0200212
4798,90213302.20096485
4799,29927114.32976273
4800,29904381.875527732
4801,241227.1886551212
4802,35233984.454085015
4803,1617684.3391043025
4804,14848667.649064282
4805,1475603.6160543137
4806,783888.6417265934
4807,8686856.139765862
4808,2537868.194264432
4809,109247698.83457
4810,2244369.2377546635
4811,15782655.209410708
4812,204437147.579835
4813,110644706.19242711
4814,7036473.860410852
4815,32272943.401448276
4816,10542991.270108167
4817,2212930.5594435185
4818,9479192.544735739
4819,4027396.482761542
4820,36493195.937289424
4821,3575827.563611553
4822,14042954.896444704
4823,12108899.951092675
4824,52853335.24334262
4825,44034070.78648002
4826,30162843.111169383
4827,61979250.06808342
4828,12469228.472668108
4829,20291252.453089084
4830,10176060.6700575
4831,20317818.253086157
4832,1996594.3400490854
4833,22049342.43660994
4834,8432661.32437222
4835,38375334.302950755
4836,24413476.772072885
4837,309192561.9900316
4838,28531050.885347627
4839,6.924843215525412
4840,538890511.0445479
4841,4254909.246590842
4842,26359700.9744533
4843,59354155.308482856
4844,1799689.4342934503
4845,12500030.605711766
4846,17188435.395290527
4847,490940411.8500956
4848,34825075.92566321
4849,358194495.6411338
4850,30785737.16458887
4851,6222316.503627097
4852,1517614.9568870035
4853,44412114.08205969
4854,25405738.11813228
4855,67951091.20389572
4856,20905359.97250934
4857,9865293.64741316
4858,9136662.968615105
4859,4817243.12784037
4860,273618039.50416636
4861,56802374.8054368
4862,193342784.09471065
4863,217905722.93234468
4864,62557304.38359698
4865,30313116.764448486
4866,28190105.45454124
4867,99545200.98904015
4868,2288296.335152201
4869,1102392.5489394518
4870,12585185.804343604
4871,21429046.45396383
4872,4592276.894479485
4873,3453953.6760737873
4874,82377789.38416646
4875,11562586.388262112
4876,28461700.939830244
4877,43189117.919183046
4878,22886080.80735197
4879,17480413.20416186
4880,1067009.2064434662
4881,6480374.539490239
4882,16840846.233390536
4883,35530226.238803975
4884,48831785.015226826
4885,33101417.924213577
4886,24654614.029588334
4887,2218698.9876809963
4888,14701530.735340666
4889,5064685.040891472
4890,100824861.6517106
4891,1167741.001024499
4892,893789.1039430856
4893,65422168.64357173
4894,3937332.1385651785
4895,32289286.922604077
4896,34949947.65583815
4897,622774.8732247206
4898,173873784.71426567
4899,79742320.22014327
4900,145747123.644095
4901,36206769.75375247
4902,204262.29020503943
4903,98297.4032680223
4904,233283850.24363744
4905,7462433.201555095
4906,1002312.9674712225
4907,731088169.6738122
4908,3962169.3253348777
4909,80640651.360367
4910,20132909.623101734
4911,15825070.175867066
4912,31408216.13069315
4913,5838855.23039747
4914,60047791.35219837
4915,77360226.46038523
4916,46230945.61728231
4917,3045144.18091652
4918,250328060.16891676
4919,3382610.020313773
4920,20956323.107132327
4921,62050838.39545652
4922,36970760.04631884
4923,8961056.502912708
4924,71525279.43114473
4925,76868009.73035733
4926,3505886.888702175
4927,11917837.723941734
4928,8381109.579215494
4929,11888874.898319354
4930,30175584.75629928
4931,7007994.776722742
4932,5175444.451277744
4933,93941468.20970967
4934,12920447.413257817
4935,1125893115.7437165
4936,11897420.057318186
4937,860294.1682244003
4938,22089092.949523922
4939,2938719.022861333
4940,9584450.445240019
4941,1790984.0458914875
4942,11722729.740372507
4943,72577357.50560188
4944,40741982.18245079
4945,4883685.569762352
4946,1933607.4573659014
4947,472199.4930896796
4948,6304592.23876331
4949,10434218.584254533
4950,38838475.303192444
4951,3428283.6056257384
4952,10098949.78116802
4953,85619872.93661328
4954,36318054.22622622
4955,8173115.604998648
4956,3983292.4863186576
4957,20910639.428900555
4958,1948435.6373251537
4959,3031437.5108627807
4960,8404678.318972476
4961,73886096.98578976
4962,32808414.07030636
4963,11074732.270935569
4964,27942504.14289456
4965,2246067.2463926324
4966,2357082.5446533104
4967,28237814.28804531
4968,16768219.759922529
4969,1818196.5143774203
4970,6643087.99794043
4971,37870979.12695497
4972,8356904.355793195
4973,860005.6947921589
4974,105594802.70549367
4975,10694580.664759357
4976,190063.39670802513
4977,74903846.60190786
4978,7660137.637149696
4979,7479058.76173761
4980,14696354.171546398
4981,30217598.425198887
4982,39878305.75475953
4983,182.87085084019617
4984,61358034.931497045
4985,283624092.82132846
4986,745999.7379260751
4987,7550431.555843153
4988,1000907.5589569161
4989,13426036.313806796
4990,5663108.987978551
4991,8166036.520497349
4992,149066971.2457558
4993,10416107.575234272
4994,65108611.98012262
4995,2447961.354258192
4996,19717612.186980065
4997,50048543.82520826
4998,18199141.2926444
4999,59046150.42724228
5000,115239764.12389338
5001,444475358.8542688
5002,188773262.3085314
5003,61948591.16981401
5004,10375118.907848652
5005,29605711.312865805
5006,310417564.864314
5007,36028406.94461641
5008,255723424.36932215
5009,20521051.69597618
5010,1452433.2722366098
5011,4605652.484190016
5012,58299311.212774426
5013,2552986.8825797406
5014,43197076.62181735
5015,37997007.41667068
5016,110639573.24262504
5017,4242793.65211125
5018,33625212.21705715
5019,36670182.4034153
5020,22172796.214014173
5021,356019.76215070876
5022,28689145.98506907
5023,23398096.1971518
5024,76625963.05596973
5025,3005162.7219095263
5026,62818535.089635015
5027,17220133.007660925
5028,106994155.54785965
5029,56689730.80343586
5030,12778668.054954238
5031,3398334.2561334055
5032,90745895.07693118
5033,1356518.779565591
5034,5767740.179048954
5035,4038306.699361921
5036,10369355.462510232
5037,12124710.699125746
5038,353174241.22863823
5039,2548912.3302935422
5040,37084383.48889272
5041,22641921.98409071
5042,47717236.99884612
5043,14703109.126090039
5044,330828185.053777
5045,15325684.226657214
5046,1281227.9517703264
5047,560116.1993496049
5048,8848787.92571275
5049,74197768.1523011
5050,1275619.2665677965
5051,265846799.8044396
5052,134665060.925197
5053,18172968.360518303
5054,41523790.541719496
5055,9360977.289128391
5056,26262300.605035786
5057,68242598.69177964
5058,4843138.381361703
5059,15597965.574488634
5060,99521859.1438243
5061,25833491.31731225
5062,1819975.4851049178
5063,6081906.829288623
5064,41482279.78907704
5065,1211672.44040109
5066,2536696.4430216183
5067,23312312.477418385
5068,18772903.794661954
5069,93440382.11325213
5070,52184771.74467236
5071,108735136.38918047
5072,69908545.77909681
5073,12202736.9658117
5074,3921068.615680384
5075,1540403.0060021034
5076,13929647.480867175
5077,128004463.0868693
5078,23918777.61138569
5079,1541969.2501485709
5080,55458663.429003194
5081,15827665.419559302
5082,23735079.9040254
5083,119924.4043772781
5084,18037520.24774772
5085,492278.79946391954
5086,13210502.058779944
5087,6815988.806282233
5088,8722809.98941379
5089,10525617.88667147
5090,5331896.6285842545
5091,9437184.8639302
5092,38633948.16231169
5093,25418012.80660377
5094,63577472.5563239
5095,98823098.5218769
5096,52325816.91030603
5097,3112584.503128295
5098,4973372.18183369
5099,1000891.8683007953
5100,16847133.766128782
5101,4296307.8273056075
5102,209977.81928912972
5103,235530.10067229014
5104,30865577.339886706
5105,10769411.768489337
5106,920458.137167842
5107,20495936.23333819
5108,49603700.01236682
5109,2589898.4125783364
5110,114353550.52086869
5111,94970776.84849499
5112,3395218.2706825347
5113,6975417.5857278695
5114,17623128.48742534
5115,1753816.0637483855
5116,10774774.89577507
5117,208008793.93792418
5118,16338537.674154371
5119,215317.06029995158
5120,2014587.6502345162
5121,60005249.882507645
5122,8336293.38508892
5123,17587420.84906126
5124,6280488.674033202
5125,13711898.821006173
5126,26240708.257664043
5127,42402303.96454614
5128,64991.538060949126
5129,1922926.271728723
5130,49238849.520310804
5131,13317346.099672927
5132,30112307.810331948
5133,22713540.158072114
5134,146985677.48701444
5135,136536949.55761006
5136,10291703.131748829
5137,81893769.39471312
5138,712606.4008068464
5139,157490570.34830382
5140,44911825.83234727
5141,40181649.914762765
5142,169737530.2484532
5143,126379828.97121634
5144,59969543.01329442
5145,18699433.04897537
5146,5737662.80639046
5147,3642202.765368187
5148,32954451.262675855
5149,1104473.0885031219
5150,453295313.6175599
5151,368502394.2172168
5152,85135620.37495801
5153,6942898.2542177625
5154,35365673.82997895
5155,1778792.8747935242
5156,862829946.1033304
5157,4761986.718204257
5158,252187.48258321622
5159,115363517.54473457
5160,14552815.01966077
5161,15549866.279682748
5162,55746729.14434551
5163,89653719.91789556
5164,560667.8642463922
5165,71844596.48389564
5166,84944609.25566904
5167,3730602.7344105802
5168,21138021.316157334
5169,39455980.697786346
5170,9898169.837537874
5171,57536878.26317949
5172,7414187.461095367
5173,61049759.618781045
5174,110640483.50144628
5175,714596.71917151
5176,4452612.415499154
5177,181963493.57712778
5178,539683517.4353131
5179,12436722.037069947
5180,29552061.889094036
5181,4023011.1284381878
5182,19666539.190715183
5183,2184457.4494592906
5184,12062949.506542044
5185,26319956.766113512
5186,6240231.976883468
5187,942692.6695872245
5188,19575177.036138862
5189,17426337.28071676
5190,314669173.26070994
5191,53869720.749786116
5192,13560368.476840375
5193,80989763.25972998
5194,62066882.91194189
5195,162978265.22243762
5196,38179245.13078975
5197,22526334.985260226
5198,44827463.61257335
5199,12442526.430785717
5200,13824693.231449898
5201,19730162.166460868
5202,4497721.848042439
5203,284463.9668490366
5204,1485157.6384244002
5205,1432134.3591783685
5206,19161689.461984403
5207,16151878.986606464
5208,1039139.9910084698
5209,72238139.59680465
5210,18734184.025109746
5211,8731365.198090322
5212,3760564.598949276
5213,99332827.06906208
5214,1258826.9466513807
5215,29042780.717085715
5216,58636389.25069422
5217,605879.7709012706
5218,11038708.261222983
5219,3489486.056030049
5220,31573146.80527826
5221,3948008.364253227
5222,19246642.064605333
5223,60443728.53122963
5224,212.00327576181306
5225,985681.0469988231
5226,2484492.3425729694
5227,8160611.6812619185
5228,20199799.5333799
5229,168479018.7499413
5230,29954077.270693958
5231,1437716.59762735
5232,1287173.1491418197
5233,2009970.0671812382
5234,92477065.35494038
5235,19881327.62950049
5236,198628297.27395314
5237,31931086.907683767
5238,4771043.436315286
5239,18900659.3802557
5240,85711599.01558687
5241,21296694.979944594
5242,4462141.754523284
5243,3686851.6885060496
5244,53733228.04578644
5245,8898948.788508357
5246,14823103.25449713
5247,55141076.02408589
5248,1584687.856056911
5249,26326940.558113705
5250,78981338.64172013
5251,46468825.93078993
5252,1112001.794713904
5253,5438171.9470302565
5254,2000634.4177683215
5255,80833466.2322877
5256,21758360.32109697
5257,6491050.1117686685
5258,4130687.907684931
5259,72988494.46776977
5260,8655775.305927044
5261,31077066.155332297
5262,1898510.2961623515
5263,22426557.457180932
5264,1247587.0573908365
5265,9107614.506184693
5266,19278264.94245892
5267,381068.5107687989
5268,10960259.020999014
5269,61544653.32193263
5270,35288061.09523278
5271,10714762.574739747
5272,51773548.06652384
5273,4606081.452646022
5274,23761456.07232314
5275,19126330.201957908
5276,44502433.14242942
5277,819823.5026011651
5278,15524169.95215061
5279,8617329.944683842
5280,30164882.65435173
5281,15582141.586934306
5282,18933018.50401725
5283,2208423.286571865
5284,7393162.944477598
5285,56903108.50536262
5286,22751099.446035694
5287,11371316.112398962
5288,2985847.9481483335
5289,39200323.967213176
5290,248535454.95875216
5291,759569228.949534
5292,73007773.15680107
5293,200576829.95135802
5294,4246885.03616764
5295,742603916.3292695
5296,938592.1092676728
5297,42105168.28879445
5298,118785167.65724269
5299,2606868.983566393
5300,12818195.096141374
5301,10141242.478649242
5302,60169075.34021369
5303,7154442.5548171
5304,4104041.691143932
5305,3505446.614612233
5306,70645662.36680084
5307,166471162.27555558
5308,160451.49208038178
5309,1350911.3831859964
5310,77451529.21927439
5311,3546728.863761018
5312,107940501.39432451
5313,637534565.9948689
5314,47214482.88275172
5315,5679663.124986764
5316,2422870.8508192715
5317,29264806.176047668
5318,18145698.014486935
5319,4199088.598958809
5320,7306838.203220105
5321,9811047.518287862
5322,4296937.7831684975
5323,108392143.33054197
5324,13195668.081229612
5325,4939217.744728728
5326,6284285.050087514
5327,86031146.93240781
5328,1480328.4139580484
5329,3632259.590334984
5330,172569848.1091662
5331,82744768.71059567
5332,8536318.580606481
5333,29451953.553240065
5334,14147697.508645408
5335,2684101.847814258
5336,5580042.253815353
5337,3378014.7443207507
5338,24418333.828455567
5339,9987545.434602546
5340,29829209.87353938
5341,131272758.56464082
5342,104022934.9688709
5343,19740187.2786352
5344,81009501.10619551
5345,5342208.17059031
5346,48580286.47686772
5347,352988.85825721675
5348,3549811.0735222227
5349,284541.1985750913
5350,4005291.13435371
5351,107434262.83064815
5352,921218.3059495451
5353,19631979.474722598
5354,87866768.53675433
5355,71036585.18605411
5356,51310577.516620755
5357,5685100.894317478
5358,69011303.94020867
5359,23524227.29866741
5360,112848041.51407659
5361,4578392.844328686
5362,732989.9216440532
5363,22246436.83316996
5364,500305.99936549296
5365,51369963.594585665
5366,155893687.17296827
5367,155488805.0621805
5368,4532517.24197341
5369,252850422.04117095
5370,7094201.9484994495
5371,30493920.92886784
5372,485723932.4527192
5373,11653340.150526656
5374,54910313.26283674
5375,114779739.14095932
5376,132258266.89774406
5377,9085813.580325913
5378,1475440.0928436636
5379,26662793.004966497
5380,37044130.979682006
5381,81123472.93961418
5382,60364088.13905209
5383,82049.83122923702
5384,367143968.50212604
5385,26476832.09110407
5386,23080906.14822697
5387,1645594.7872751972
5388,273555153.22605133
5389,20821092.80141357
5390,1496292.6807822313
5391,32488005.280007724
5392,7178351.00226145
5393,13720709.565815086
5394,35158199.34674627
5395,49930781.00018893
5396,70022840.56049335
5397,2643354.0667364104
5398,6964556.149562404
5399,3375658.573763258
5400,9297782.383629158
5401,63646929.69526439
5402,44022484.91769115
5403,17859239.19492298
5404,2908907.3642636677
5405,45360230.59140823
5406,451092.8794815038
5407,174955863.30417764
5408,796397764.9759139
5409,146130504.10144666
5410,739613.1796133034
5411,20676116.544598524
5412,926811.3894507013
5413,2646456.695394265
5414,120559492.07922511
5415,64142634.44918226
5416,38947024.459654726
5417,136276864.21551117
5418,2645821.7723953566
5419,2256460.6307234527
5420,10905688.894409852
5421,14990908.860836556
5422,107611641.12970294
5423,293288933.56160456
5424,137054792.4825997
5425,565150.4222083173
5426,13640102.180622295
5427,8426646.38034234
5428,643640.7245791156
5429,64466765.70014019
5430,133477007.38575152
5431,26472275.55856511
5432,150757196.64937678
5433,39110057.89524381
5434,43453500.504569545
5435,15890545.607108833
5436,5693423.996167904
5437,37275806.587097295
5438,1554117.5662927146
5439,317364.2042398911
5440,38658829.415870905
5441,1259750.9472605062
5442,77029479.41992064
5443,54762618.706367284
5444,37593363.66401499
5445,49497006.86769836
5446,92926647.27556394
5447,3484139.2350493
5448,11892575.91162536
5449,106160994.82405928
5450,19388813.393893138
5451,13865517.490567459
5452,9453511.345029918
5453,214450508.35109377
5454,63738132.89794157
5455,18560748.06639623
5456,3502367.055929372
5457,19220598.09130896
5458,10149427.386167096
5459,24473360.158913683
5460,48332.18525953529
5461,2096221.7286740702
5462,233575.96996978737
5463,1997501999.4043503
5464,230700.9820768068
5465,16758242.00579525
5466,58947855.033416584
5467,23705602.28983822
5468,61368006.69761218
5469,27.757623168163793
5470,94974127.03977087
5471,85366763.23883575
5472,57826228.49016949
5473,6883436.582185591
5474,9852974.425998079
5475,13475892.908585727
5476,428431.94764337305
5477,16166474.191768093
5478,90032924.6193224
5479,102430418.13202353
5480,9298292.198886393
5481,3297919.5180523656
5482,20013181.63857892
5483,10885306.096237956
5484,149420003.27746117
5485,6466096.157487086
5486,18093259.93889254
5487,441352081.042582
5488,45242666.086210884
5489,15963028.044038618
5490,21408827.62695379
5491,29434656.446278196
5492,30194805.926923424
5493,2731449.1670602667
5494,1326229.836168897
5495,9223229.834439734
5496,19504383.90251539
5497,26851533.6291921
5498,2823780.152303819
5499,69188111.01113495
5500,14732240.202416927
5501,11154214.787939195
5502,10365667.248425908
5503,1690473.6422026197
5504,21910149.208339427
5505,7851474.656571142
5506,209661024.03193492
5507,18806485.81724003
5508,111827310.98449759
5509,174815030.57689446
5510,16159404.16747156
5511,1555861.9255986563
5512,76395306.6113786
5513,640439.9022138121
5514,5454693.880284987
5515,1094351.3534960558
5516,11824640.168340838
5517,144026841.00488782
5518,14837576.467263194
5519,170513450.77439564
5520,11830.924567108677
5521,5872706.772062714
5522,136817.28337979753
5523,317449291.53915936
5524,474761315.0114846
5525,95696501.21900193
5526,3967036.7805654067
5527,3773003.0117329336
5528,55397186.02689841
5529,2578705.446884572
5530,345342216.68059486
5531,4257240.039853511
5532,16420765.140506338
5533,40290491.17254476
5534,260202770.15354508
5535,563190.0812574376
5536,7557823.625143363
5537,7095018.123005629
5538,12834538.411367798
5539,157763197.31976655
5540,22192571.86046555
5541,133608248.8876768
5542,4269459.598180532
5543,6148234.29492201
5544,56372930.59212757
5545,511781.1349936778
5546,46744820.6622096
5547,20486355.708132528
5548,1927051.4417169124
5549,23574936.19547314
5550,14170119.398168785
5551,9840252.160206404
5552,59056668.30711075
5553,18751493.076635446
5554,10182767.83766157
5555,19849510.015717443
5556,6092560.054150472
5557,3251519.2416493427
5558,685075741.0798501
5559,13350523.664122896
5560,1622726.1358549427
5561,21562762.8465872
5562,56517243.64964577
5563,1421102.9181431679
5564,1487295.1273325973
5565,20786490.60929501
5566,18879921.02037795
5567,20134118.664328642
5568,12585347.85918325
5569,45935782.94042267
5570,27898876.20693739
5571,117082285.13540561
5572,3529450.8422373654
5573,81095727.17930901
5574,74217874.47724365
5575,118845549.66540986
5576,14899443.100830987
5577,40516670.77535822
5578,42589000.55177149
5579,6934631.512894741
5580,1229748.3209874374
5581,15455292.151173245
5582,12787261.11566444
5583,45656086.87142816
5584,7292132.649246581
5585,9406094.364001196
5586,289844.4922772313
5587,15858307.202311423
5588,281991988.58863556
5589,78010336.44734658
5590,1307948.199036579
5591,14605525.270957839
5592,2835139.733644836
5593,15673458.420549557
5594,4191797.396709955
5595,50040224.28912212
5596,131066588.82257007
5597,20340925.460164715
5598,773345.8428294772
5599,6811127.2376256585
5600,13821307.20352856
5601,27052197.99118117
5602,49395627.84075277
5603,54459524.36713356
5604,6236269.014553379
5605,141805329.02455318
5606,66268747.601250686
5607,20162571.51190114
5608,60297595.19066627
5609,43047424.78322164
5610,14758087.513282472
5611,21422647.034219705
5612,411849017.1255046
5613,11718948.208127962
5614,14896907.389264585
5615,38841521.46674707
5616,29782311.747390144
5617,197631201.2416626
5618,35234317.02904663
5619,37408096.78886063
5620,1346153.094462835
5621,32695988.1233158
5622,35305523.83577611
5623,8962096.702002158
5624,371685955.3234467
5625,11237474.511527589
5626,8457755.751958204
5627,99054419.49117568
5628,9001401.017430551
5629,169531752.01080403
5630,32742817.040518884
5631,60286342.561866395
5632,69278361.49848585
5633,18530787.58176181
5634,16584338.697635163
5635,66704821.45425464
5636,6408616.547939841
5637,14836184.923254814
5638,99096123.25556862
5639,20769703.230778847
5640,2441273.500932263
5641,59907729.930202916
5642,9558018.802351601
5643,4915649.934669739
5644,910545394.4948348
5645,163646577.41767305
5646,3219726.562903928
5647,5412473.125852874
5648,69479616.53457981
5649,776897.8716646157
5650,29554640.271246117
5651,24905173.557408687
5652,129339.78082949978
5653,93222149.76374501
5654,77083937.63180351
5655,15335070.200463237
5656,1119919067.8021135
5657,6464905.22269072
5658,23646158.102002934
5659,14986489.493886823
5660,98976448.18999848
5661,20947437.95205987
5662,563613807.614967
5663,3885862.570599458
5664,10800631.739202728
5665,65611316.13485424
5666,11241718.524712166
5667,27119954.625176203
5668,6382076.773152356
5669,3116335.4329185854
5670,357091827.1813906
5671,9975623.428531576
5672,1992599.06511717
5673,42157826.437160976
5674,2972404.432200087
5675,81159.81722542725
5676,353852.8861303981
5677,73271334.87608056
5678,77653518.7304923
5679,9674391.081817534
5680,32889494.16567363
5681,562284522.4204305
5682,10852865.768122097
5683,545335923.8928787
5684,70439799.80340302
5685,51824470.91977747
5686,982835.5641855058
5687,49285453.483334124
5688,9790614.250054525
5689,31156127.7608037
5690,5505150.585089719
5691,43893288.408028565
5692,595343210.6517558
5693,9902880.46054779
5694,3710720.2374444827
5695,4451231.737406224
5696,32041784.756589923
5697,1567465.5059040138
5698,3608083.988650853
5699,1962275.5540058974
5700,37557478.10911063
5701,19919530.916587044
5702,15629709.119024
5703,80009454.35430291
5704,61158107.77777496
5705,8602076.029613562
5706,1780830.828088074
5707,47874308.96653241
5708,495290.8936630917
5709,31387230.20383613
5710,711183.3477699321
5711,876749.6462779986
5712,96979039.14198364
5713,7029472.901090239
5714,19269730.008829035
5715,14114058.057935193
5716,979886.1972281482
5717,11357847.387170553
5718,1678598.4523478153
5719,20074302.233115558
5720,1706631.4773724629
5721,41112557.52044095
5722,1927191.2877864381
5723,15354907.692915494
5724,2925697.5525729326
5725,228874.8635660091
5726,62675455.61874105
5727,91031584.96504436
5728,28422091.024436645
5729,63645814.170399405
5730,2464514.7209053608
5731,51137.79556537045
5732,14593761.851923808
5733,682492.4613915661
5734,13118138.897735257
5735,9458260.093582118
5736,54590255.19162402
5737,40981855.15794829
5738,62277117.78221941
5739,18877071.167450555
5740,23689676.57763722
5741,116273036.82480545
5742,43124213.77135674
5743,8337400.220396795
5744,1180368.226098329
5745,2530695.1802144838
5746,6225047.393803267
5747,2933469.9279463203
5748,99661137.43679342
5749,48781354.911411464
5750,21266868.368874624
5751,30468150.6932977
5752,1031412.1622469227
5753,240970348.72513357
5754,19402848.645471502
5755,59758788.60931633
5756,17743759.763943527
5757,8062227.787041389
5758,184623.99629413648
5759,71194210.83410442
5760,1954587.6071470839
5761,1071244.7600469103
5762,111836616.71563917
5763,81269279.31460945
5764,25015257.91877427
5765,30466010.963912994
5766,15582107.382330228
5767,10951680.420071011
5768,64151617.30336702
5769,255308345.97761068
5770,7258836.9739663135
5771,28789921.19425855
5772,30171992.743172117
5773,289482606.2589934
5774,57599465.438828714
5775,8973385.879780497
5776,9998102.03717784
5777,178449044.6025561
5778,109045374.2652417
5779,164968465.2991342
5780,11813373.766731227
5781,103351849.88410836
5782,75554024.57819335
5783,148805645.3494905
5784,1164770.0716401408
5785,56459704.45521642
5786,10887177.784447027
5787,104747778.2636421
5788,5378730.705475717
5789,20289534.82371598
5790,65824914.22411154
5791,157880237.1087021
5792,1904349.7882789902
5793,20418114.64704876
5794,71217835.09548707
5795,115323306.42781718
5796,34932283.724270575
5797,38801345.16483013
5798,657846.9812492739
5799,227335649.59263524
5800,175453.79275544657
5801,7865040.468773883
5802,2803754.3186557945
5803,6888408.754517661
5804,440587143.24576515
5805,26254106.815502625
5806,20731219.92169741
5807,15562365.985909205
5808,43507424.629753515
5809,32913.94829612022
5810,281390.99698303547
5811,2474612.9531362653
5812,87278444.28920083
5813,188455756.70666772
5814,7244435.234893696
5815,6077447.860805283
5816,37630797.53210622
5817,6962252.293348468
5818,18389441.49559731
5819,12365614.64446923
5820,37568615.10888163
5821,1714590.0843489051
5822,1587824.2268188787
5823,23814710.24179372
5824,44660784.38462872
5825,38485812.866170816
5826,8670959.956103772
5827,2481885.8066554395
5828,145713154.4857757
5829,27403521.71382104
5830,23719398.567201685
5831,88388076.83157907
5832,19930371.897953272
5833,9637241.634310469
5834,20772378.769886132
5835,1444399.7187791236
5836,68895080.75442804
5837,22011089.096543465
5838,3622533.360685406
5839,70570973.31752275
5840,4.80014044392199
5841,62137501.308474466
5842,16564093.122175787
5843,37597175.49217097
5844,5753478.232038864
5845,1639019.675088909
5846,6675701.03586121
5847,54627098.50835699
5848,41019982.41413354
5849,40138.05866909381
5850,26408637.962969314
5851,7947606.574097427
5852,33825300.41147872
5853,30189765.645814773
5854,9589279.724039452
5855,77250650.64923339
5856,1819678.2016449776
5857,567714692.8466178
5858,4237727.15128826
5859,24016126.943362374
5860,156497880.52959988
5861,7419686.369326732
5862,27951350.491776202
5863,53912387.959992886
5864,646697846.3487902
5865,3805470.457634976
5866,2559047.8050528867
5867,24440888.14056222
5868,38755609.774109654
5869,3862793.9315033145
5870,106875.4066703226
5871,32372047.291410398
5872,128652005.50888477
5873,72077472.10520591
5874,7307492.199051955
5875,46089136.367212325
5876,92194760.42782411
5877,2986919.6447789758
5878,86459202.31577018
5879,799105.6482361692
5880,15841656.943500552
5881,106617823.44815882
5882,394090917.5729676
5883,8664685.84938408
5884,26484208.680831794
5885,23017763.293443274
5886,4656141.719289298
5887,33965051.40384769
5888,10246473.05565165
5889,7772531.048571013
5890,36981534.93928436
5891,32321630.916100007
5892,1339651.9802316646
5893,3121032.430443915
5894,42179229.802862436
5895,7913921.452594702
5896,36705252.707700945
5897,193292.72250844297
5898,61568710.71955427
5899,301260.8699049959
5900,29914588.80635866
5901,1137383.604369762
5902,120755478.36559299
5903,45150038.72228815
5904,40896736.644314714
5905,44784885.50045605
5906,70049449.12923238
5907,1451407.1877643669
5908,80736584.93616208
5909,2822545.652388743
5910,26568700.3294625
5911,10443379.17197294
5912,179329696.59863907
5913,40208703.58626508
5914,41230350.965564795
5915,1449348.2642332423
5916,32688534.472524833
5917,213575869.5028146
5918,71792374.70683701
5919,13618194.054633811
5920,13536889.484336702
5921,6584985.291046697
5922,3206903.427588198
5923,3684716.9302389845
5924,12751321.733216396
5925,225831247.41202044
5926,1571520.8112375995
5927,1189289.8742006815
5928,31066188.39015317
5929,2712563.3940419755
5930,57423813.12377438
5931,30827699.74162621
5932,6900237.436821733
5933,9443727.803022375
5934,15939566.304541474
5935,449023190.7744131
5936,37398693.495547876
5937,5780098.497390649
5938,9687630.86477724
5939,25638794.12271699
5940,55242578.6857586
5941,3868449.594631841
5942,71171304.84994975
5943,8189099.690168947
5944,26995722.971324418
5945,13832582.32644382
5946,5147730.834499435
5947,1393629.7559102878
5948,96555690.02514078
5949,12301300.370997135
5950,193113753.16450843
5951,31538939.687478494
5952,1833901.275751862
5953,108752913.97580008
5954,10526728.175149798
5955,16080894.008674737
5956,58468565.9439596
5957,38455369.27814326
5958,37506075.118215196
5959,2473510.608895612
5960,1020884.9809382325
5961,8416243.636594329
5962,1163403.8084750164
5963,13437055.736532055
5964,101639567.58706228
5965,24685874.889200415
5966,22154289.950919546
5967,269349016.4568552
5968,60623092.949777745
5969,56059726.08525973
5970,6247434.071302358
5971,2720101.342864407
5972,9047332.505934883
5973,63595334.86608154
5974,3152625.278881684
5975,9443669.363404727
5976,369791.3860281653
5977,2926919.9805303533
5978,440112263.4721581
5979,6801877.483853453
5980,77946295.66408494
5981,853204.1285564993
5982,177128330.1934319
5983,3129956.244383194
5984,17568498.576692495
5985,77498898.4564794
5986,3846413.382733996
5987,9127382.330354767
5988,20921914.97178348
5989,380769.38679758547
5990,111405758.55788928
5991,6324325.402227696
5992,25864282.240426436
5993,36353443.26691733
5994,1554668.1809962813
5995,40097626.32667589
5996,15712090.785914402
5997,17555376.89285932
5998,130424267.04598781
5999,131793.71092348523
6000,1199744.5246992072
6001,10293797.568822224
6002,2998464.6201608833
6003,313082588.12229145
6004,81623208.57224005
6005,17355931.587041847
6006,13650343.831110142
6007,14217413.658357142
6008,2551137.858587305
6009,83684848.75199723
6010,75195555.92696726
6011,6940670.054006216
6012,3500741.213777942
6013,96031956.15417835
6014,40791532.86718423
6015,9194037.750017343
6016,6646951.884672953
6017,12481209.580430102
6018,17557765.978280332
6019,1282496.226116493
6020,13632003.66284695
6021,5580702.783225699
6022,6539330.127601886
6023,16097667.09946477
6024,396402.0151785233
6025,27842226.926965386
6026,158151038.16573963
6027,6078995.279091132
6028,45773767.87625481
6029,6681938.834061806
6030,182557261.69857228
6031,56229908.87560631
6032,1113637.7987176706
6033,32582130.375049654
6034,10297284.850163208
6035,246187468.12411237
6036,422421.0220941734
6037,1901233.7921677863
6038,918042.83509206
6039,3606667.2148960107
6040,28028956.209650375
6041,148492963.95535368
6042,1532844.5688891802
6043,112710140.06518742
6044,14488783.648893386
6045,26922890.21735429
6046,628116.1806559952
6047,9313533.199782625
6048,2484442.171469212
6049,1418249.0239246604
6050,10220485.024391342
6051,2151674.6505637653
6052,18621150.99054825
6053,1372016.3905355232
6054,1415817.8211497995
6055,6937260.245812265
6056,17665224.903794315
6057,4905996.695709468
6058,22957027.694447543
6059,105457997.85716192
6060,39384333.564806424
6061,64858197.13885461
6062,2091326.3543983772
6063,74769466.10837397
6064,9154099.223371329
6065,29091204.730111245
6066,30690375.234992873
6067,32807629.643036537
6068,24569.36131209405
6069,157253066.46904612
6070,102647331.28139175
6071,7301260.043671042
6072,22260538.421057533
6073,34945621.260288
6074,650710.5612391024
6075,5582282.848219983
6076,71016641.29146759
6077,3265350.7347723814
6078,74718539.69995654
6079,366111709.6238696
6080,8591634.123280257
6081,2204637.747917574
6082,2574262.179503734
6083,121243822.93805824
6084,21020098.5167121
6085,1966796.582730408
6086,1476993.7859768702
6087,29845926.953783922
6088,14369275.208506867
6089,9509360.46492724
6090,165103269.93604648
6091,248511.39640863016
6092,2845138.8596466472
6093,13946092.174651539
6094,74398377.70253655
6095,86230044.17166767
6096,878286.0029726409
6097,31380952.056277446
6098,16983166.84324015
6099,38308128.027210295
6100,16565158.53258266
6101,117381247.74831624
6102,41626802.94782958
6103,48265191.78798791
6104,8283982.763043573
6105,15500230.038043132
6106,781386.5054393478
6107,559269.0189109889
6108,26229234.894666053
6109,24740543.683444455
6110,137995314.97329313
6111,93589.75103939655
6112,515900.2590574259
6113,7122213.255747494
6114,64197301.04964357
6115,129865112.7191801
6116,4333256.622837947
6117,11617954.790065153
6118,32279927.679012164
6119,96719414.87646425
6120,44526855.720681526
6121,873378.3774128234
6122,74824355.99537012
6123,539220.7106189252
6124,1763968.057533562
6125,6025051.667460008
6126,7344857.767041967
6127,18436521.93723352
6128,77456893.94130826
6129,39167325.460776
6130,1346261.5516372796
6131,9632346.738228073
6132,3010351.9909527423
6133,2950708.8548259833
6134,12219658.740506377
6135,45762508.418784685
6136,516776725.4983092
6137,76629348.27747998
6138,12429485.849585291
6139,860830288.5724623
6140,4313133.019764018
6141,14027558.011383113
6142,2218488.5327433967
6143,15730165.040951755
6144,19650820.1572782
6145,14823145.035120266
6146,5808733.113350422
6147,78757389.42780772
6148,1013503.0533665542
6149,56921187.81986443
6150,280556543.03681606
6151,16659433.116828786
6152,1025938808.9297186
6153,4490297.562984096
6154,3035044.6322416714
6155,169732884.3844115
6156,4874494.512242898
6157,8573752.403674452
6158,141040273.4762162
6159,12910043.818122841
6160,32533870.93090857
6161,16196954.790925357
6162,7612618.336854094
6163,7056284.66727154
6164,9728545.388641398
6165,4930965.776948277
6166,35896637.75421145
6167,21780317.558069523
6168,19879721.09280387
6169,117935996.70734653
6170,23999386.57851632
6171,12202968.609316051
6172,989046.5577985358
6173,10865373.952212796
6174,69936250.50257285
6175,1948317.397332739
6176,15392680.568139663
6177,44670521.02803965
6178,8096138.690107022
6179,337786453.3608478
6180,34531562.58682829
6181,53520587.01682925
6182,393434026.25361544
6183,9298805.7206668
6184,582781433.5784515
6185,5475983.174829757
6186,12209981.4660208
6187,3596283.053084337
6188,27669044.962010592
6189,56950018.4451939
6190,83767253.37580834
6191,15826182.30387976
6192,21944740.432059374
6193,4785609.780268756
6194,539413.3520303966
6195,5380296.114147757
6196,36039044.37914801
6197,3412584.6022018436
6198,80831821.40615986
6199,957374462.1511924
6200,6385837.838496358
6201,336653.59160651086
6202,141088184.99732506
6203,637807333.3510138
6204,11822417.155051768
6205,1438687.180861556
6206,25929487.23540646
6207,60779390.80833156
6208,28070077.264955785
6209,1054926.1891362793
6210,15278.32791046629
6211,41551330.91686638
6212,8388108.075741102
6213,532185.6739205323
6214,18185347.852076706
6215,8372379.472713501
6216,20042646.156383574
6217,1359275.355110949
6218,2303587.6551709874
6219,39531444.97844937
6220,154084.58033857893
6221,24759614.291161653
6222,2706242.2731031617
6223,30880797.64976015
6224,3358290.505452552
6225,58079737.225235604
6226,52407008.72604375
6227,24530167.71604543
6228,435315.297711902
6229,4694492.834405549
6230,1282323.2497185126
6231,175123709.070747
6232,1755270.6048638704
6233,194049992.23490056
6234,3411063.238341927
6235,29204955.573355954
6236,4007675.0560619663
6237,5724296.8603341095
6238,15098732.401242584
6239,183772746.00639158
6240,93302501.73980758
6241,3051857.8783338685
6242,93015035.2926688
6243,4925187.380183992
6244,35474983.288558826
6245,2807345.164186628
6246,2535925.501572556
6247,317703740.99757385
6248,5979163.377454069
6249,47523563.64442438
6250,6361986.637490048
6251,63366670.00740391
6252,9927263.31193001
6253,7820465.01814952
6254,176193899.03517753
6255,2672488.407797266
6256,2497145.598317049
6257,86659124.0407221
6258,4946894.2611414
6259,4724368.27092456
6260,9663214.30211507
6261,87668733.64348827
6262,8602019.555744525
6263,54675868.794302106
6264,3668051.680654627
6265,13068202.403879382
6266,4312842.766918182
6267,102232589.00939849
6268,462051.0103017817
6269,151154084.64306366
6270,80347748.68871242
6271,200447214.6481696
6272,693359.8895149875
6273,12685728.483723706
6274,347345299.86650693
6275,38520967.959310435
6276,3569766.7810325683
6277,25994212.61559493
6278,820785.6662422117
6279,7003029.480826361
6280,54806524.04705964
6281,2451688.002242008
6282,388303997.1173574
6283,22642170.246422607
6284,111021038.39961046
6285,55880365.580885306
6286,9607576.861553157
6287,2541793.76560023
6288,143930463.40139404
6289,176705854.4224562
6290,517286.2829504318
6291,35936685.767980054
6292,140244948.4921716
6293,423419084.53657484
6294,4552491.786886945
6295,81789389.41197072
6296,3025628.915510754
6297,455987.5875800352
6298,5100580.508166811
6299,1431368.0683586402
6300,14950187.897724926
6301,3900282.3022880955
6302,8540100.460724708
6303,1221131.576035652
6304,10220300.646770278
6305,72109206.88687737
6306,43466886.90464469
6307,949554.9084485137
6308,5448128.998627981
6309,461195.8687662855
6310,78022903.76202147
6311,408531.8587154404
6312,10942376.070402585
6313,11056394.50494722
6314,36352310.826248184
6315,22024437.109886527
6316,29917255.605178744
6317,156250886.11558795
6318,55426849.369888574
6319,37594409.97078541
6320,5532038.130202086
6321,36801122.78720802
6322,27020129.936877202
6323,10424874.996354887
6324,10354209.612194894
6325,18847610.016139824
6326,902775.9542398826
6327,28568614.1805431
6328,25382394.035646237
6329,2444981.068579145
6330,855853.5172772817
6331,121629117.48168279
6332,706353.4756781795
6333,8058789.343971459
6334,4171646.956188133
6335,43354530.93384808
6336,6682199.9677931
6337,36928660.56091808
6338,428373.48271592695
6339,32492138.024289273
6340,2096846.2698279298
6341,179634.06025851998
6342,30306209.26146538
6343,19623471.95949803
6344,52592657.71945428
6345,15098485.09568824
6346,162348797.0823436
6347,84955407.05444825
6348,130751055.63121179
6349,34441616.04541071
6350,1313790.878493915
6351,58693078.57057488
6352,15777679.281285042
6353,5869247.2052782
6354,3889414.68835351
6355,97768.61156949266
6356,88976363.03914656
6357,28707.331831063322
6358,317124.1926349616
6359,12815021.685953978
6360,25260862.377173144
6361,193029971.1738611
6362,6727024.527977121
6363,23067016.535662416
6364,14538236.884313652
6365,126344390.84719902
6366,23065107.380672902
6367,9689657.675551496
6368,13874294.990245547
6369,17422403.46483861
6370,309000327.06496745
6371,3879792.5401554937
6372,27418997.75803127
6373,1151395.968055616
6374,11177638.59643891
6375,33370345.410365146
6376,4108715.0753241736
6377,3744277.9828037256
6378,1792778.8967805016
6379,83801227.51029843
6380,7728023.269237076
6381,347712998.3841883
6382,68880925.66537254
6383,34080917.644867964
6384,48922685.33304945
6385,17163918.107855383
6386,307646392.2006369
6387,6729202.744773045
6388,3596217.5160731613
6389,3255314.687335071
6390,29635720.885364264
6391,4270785.830479644
6392,13153130.60177964
6393,324817030.65053713
6394,254786148.25884432
6395,2384285.429407942
6396,938392.7762022312
6397,4299359.60266521
6398,27288976.871169828
6399,4278137.376466236
6400,12906152.767433085
6401,368332.1129145181
6402,61350432.08013891
6403,1767664.4232945421
6404,8566473.460200861
6405,3954128.362236279
6406,7117902.773013991
6407,5116478.983756246
6408,24117669.998824485
6409,69330107.48180647
6410,16087619.927206432
6411,1580660.7256743798
6412,1272483.488738598
6413,43593223.69543213
6414,327638676.252987
6415,3195851.6981870006
6416,445825.1402673643
6417,93016329.72189955
6418,21832266.165598053
6419,12611341.46894767
6420,6804273.825176186
6421,11774739.851590112
6422,766738.1164630182
6423,5307288.312222945
6424,95891036.68514843
6425,22642418.461191352
6426,3125763.9363180767
6427,6501205.282704898
6428,365681.6010850582
6429,9186593.619160231
6430,87050919.06783362
6431,49983762.8314605
6432,42120935.09823596
6433,16281919.003796682
6434,2354476.786581824
6435,33689028.82001544
6436,22778059.07089049
6437,11503923.962100353
6438,11122987.182742883
6439,9949504.789960328
6440,50919116.56998799
6441,6297243.744662548
6442,1922098.86480158
6443,2168665.1837051613
6444,3633833.054100667
6445,456713344.0229257
6446,216471424.52069923
6447,46497172.1991572
6448,2987036.9929639134
6449,32176722.47967422
6450,415639.574004865
6451,1835337.2725452369
6452,10346985.416967409
6453,53436208.65595899
6454,1488718.2908667128
6455,14392456.023477852
6456,45474542.5179614
6457,69391292.9775988
6458,9654810.346404431
6459,9307270.65621822
6460,109061302.79167679
6461,141280909.4104577
6462,145019656.29603934
6463,3003392.3268932477
6464,29668224.666203257
6465,17247388.677487776
6466,20162483.253087066
6467,5700376.975898794
6468,4783523.453460878
6469,11834600.698439917
6470,236442.5035677933
6471,1397922.423248852
6472,2856637.5737139834
6473,6983982.921915611
6474,18306685.24369376
6475,2127364.647302838
6476,373902341.39337945
6477,55990124.704373606
6478,7765148.164694489
6479,397544779.5452853
6480,41682519.09175299
6481,47459879.11502089
6482,166705.72213291365
6483,5219114.653077085
6484,16504427.720662164
6485,70530547.41950908
6486,1439581.0394140482
6487,65985262.09992759
6488,24457957.93887399
6489,6596791.1433174815
6490,2535408.8381438022
6491,4274496.3663833225
6492,23904334.769686673
6493,23853638.54336917
6494,57669762.79370268
6495,11416486.454314848
6496,358213726.25165886
6497,88993714.7055657
6498,53539275.92556217
6499,11600500.37365674
6500,7601507.843014791
6501,7943731.208862933
6502,127140602.37887347
6503,7657003.471307186
6504,3159561.0082872408
6505,3288039.478254305
6506,335424.72223761794
6507,13047824.215466669
6508,68275904.03860293
6509,7269115.201229399
6510,1792834.7558727271
6511,3439753.234382328
6512,12834900.18115386
6513,13788105.773824109
6514,5762239.966606012
6515,64627199.37281399
6516,38247735.20383315
6517,10332014.800109157
6518,31427108.848073073
6519,73245724.97907604
6520,7094262.5218667025
6521,128637917.23895322
6522,55356626.20941042
6523,16928339.664524894
6524,8211809.876976894
6525,28081035.06162589
6526,356208178.34435356
6527,161322.78664176515
6528,3610369.539979726
6529,4083989.699990339
6530,58589303.10347918
6531,4531480.051999858
6532,36465298.08672428
6533,3769826.007469935
6534,154856703.40395835
6535,5440297.91126798
6536,17753547.552164745
6537,26603769.868158657
6538,15440874.531404776
6539,197637371.43385088
6540,31369409.799328372
6541,92024059.42450346
6542,9649217.063632935
6543,235477.15967588132
6544,9844179.366222134
6545,9064553.237398423
6546,464482806.604899
6547,11280.880492720938
6548,40202158.35841609
6549,109006845.14756623
6550,11087353.644326199
6551,15240579.623417713
6552,761807.4541431748
6553,3064.630938421047
6554,24191459.60662359
6555,10025380.714906698
6556,18112518.68543369
6557,2481116.746085386
6558,83656123.42604893
6559,14882699.993770184
6560,244013210.09777102
6561,1857.466534056175
6562,112826797.96172275
6563,22359757.660361826
6564,4038351.1389228916
6565,11554013.271187317
6566,9992071.052366013
6567,18799023.435023464
6568,17796676.725583084
6569,860996.9529344606
6570,52805027.819777384
6571,2902243.6069857334
6572,508977.745798926
6573,14300152.364040785
6574,8390542.395001639
6575,729747.2914265448
6576,3577084.023284828
6577,3687349.703534013
6578,22084026.636427533
6579,15672231.374176404
6580,236595.159081192
6581,17733979.762772992
6582,336.9756153720022
6583,223908.71792599032
6584,976656.067860154
6585,45945606.97830511
6586,69659672.05973482
6587,62718849.60404016
6588,12661624.769810377
6589,17034064.05209634
6590,125306468.23016341
6591,5041390.873533202
6592,151236839.5776623
6593,36764066.06933158
6594,36425579.349122256
6595,1170531.2206533668
6596,70849275.69036902
6597,5136580.640314054
6598,14991300.805995638
6599,5401590.382939393
6600,8903103.421943007
6601,19703145.45952753
6602,631849515.2741299
6603,20578550.619441174
6604,5038140.354942016
6605,81725578.04685916
6606,682912.7604017616
6607,47792230.679782525
6608,939946.5136390789
6609,10739005.200042898
6610,11079968.940549918
6611,5245180.212113851
6612,797930931.822232
6613,38794705.2923069
6614,132066035.30809796
6615,18823028.184229843
6616,80768297.79246974
6617,20844959.975130517
6618,58249944.842652544
6619,15283932.799253609
6620,151045.48934710125
6621,33349869.715266176
6622,54457996.36268539
6623,163343571.47636434
6624,82465089.49509992
6625,96414616.05300231
6626,47025112.865024984
6627,74378399.70618522
6628,434342.6246786624
6629,396403.6927647554
6630,3454302.1680964357
6631,3540020.4493338917
6632,4103364.25935411
6633,3092402.2772518257
6634,3486291.0054456023
6635,2267873.640807717
6636,226659068.84068456
6637,48797561.72608397
6638,278.816904944572
6639,7742873.195013596
6640,26379633.85679102
6641,145941710.66044107
6642,200181892.1593569
6643,11569131.623261152
6644,11165708.71204782
6645,23521539.49591025
6646,18524371.180858653
6647,6584137.135609948
6648,25018438.182183098
6649,4777612.699764953
6650,7416592.201770309
6651,15307022.794836028
6652,393289.21274732146
6653,55470020.025783606
6654,73566312.99932598
6655,10989572.005761461
6656,21745343.50254012
6657,92994530.44095466
6658,1566876.3429445194
6659,6208457.099464963
6660,921229.1111168821
6661,3620187.887327956
6662,8955899.336383527
6663,397994787.74830925
6664,2928738.8880019444
6665,1463583.1120154085
6666,25010811.140790213
6667,166944959.32408825
6668,21105763.826549765
6669,43143503.89958246
6670,5112888.8051090855
6671,19862562.423577823
6672,41372626.93958261
6673,88402530.78031811
6674,515762514.4792977
6675,89398755.82914902
6676,12088787.276563503
6677,4195828.863304973
6678,4699600.7736786865
6679,364990320.86020315
6680,9859312.937761473
6681,521953535.7485216
6682,72342978.40828301
6683,117351829.89286357
6684,694629.9642051613
6685,15707335.282301495
6686,72671080.15862045
6687,48329023.78896909
6688,9985485.04091992
6689,36999704.00043412
6690,458077135.0596204
6691,4711068.026552766
6692,330503867.74355966
6693,24286384.528773353
6694,58855168.50629234
6695,10953254.792882923
6696,180349830.77905148
6697,1952478.849363849
6698,8798239.816330822
6699,125594953.69746679
6700,228901237.40453073
6701,21108840.09159627
6702,14764623.588515734
6703,3230380.6254754374
6704,15782085.623950062
6705,18173356.2623712
6706,3442868.8535554423
6707,31335385.40254097
6708,1358084.4900246682
6709,20334674.430263944
6710,58508009.874466844
6711,17639292.575235516
6712,147349043.2848473
6713,6960241.9939466305
6714,4312560.842335475
6715,10985101.924885793
6716,33404232.72386694
6717,277566881.95158017
6718,8077213.266000737
6719,9866016.526030807
6720,1413362.2948998413
6721,10209697.329215923
6722,1075184.2005338864
6723,108010324.90114747
6724,7449615.657154646
6725,10265899.384078782
6726,61353018.3955311
6727,26721173.26682307
6728,15622941.983224947
6729,4409170.1435577
6730,16706408.727431903
6731,427206.6203678139
6732,7480559.8527702065
6733,84994544.79834987
6734,15500786.131519552
6735,57146599.28567985
6736,3039169.302680782
6737,147581.2743997601
6738,4885856.392355374
6739,19811779.218878515
6740,2511997.1374876425
6741,267926.2379534713
6742,38521992.917081155
6743,109518728.77292722
6744,81461461.29945011
6745,13004949.355943564
6746,60273003.317763224
6747,9890437.293798659
6748,352699.97507914377
6749,68014.27055604891
6750,21445794.75662703
6751,5131052.366147518
6752,13299906.730530893
6753,2086631.365168945
6754,117337210.08537196
6755,9969295.777665924
6756,209275967.443866
6757,24481733.031129435
6758,3386471.3545803465
6759,156601474.18606874
6760,1672561.5336455852
6761,8393836.723352041
6762,2864716.2935204725
6763,14360152.153617568
6764,3217559.091417673
6765,69348980.55093272
6766,532475.8561667363
6767,10886899.871012012
6768,83246598.02553463
6769,13088812.244885711
6770,12743389.118543066
6771,13603788.8518178
6772,20687130.60424738
6773,45067404.93766892
6774,269384393.7881552
6775,488201678.5098415
6776,3034049.228849238
6777,21397146.19004926
6778,56609236.40459313
6779,61664735.62077279
6780,109446715.42837374
6781,3444847.5766830104
6782,100421906.52544172
6783,18706635.88548282
6784,8478440.97936171
6785,44580338.331303306
6786,137146.82254368445
6787,18450108.65897979
6788,5295287.349023613
6789,3980075.9784733327
6790,1826329.2142146768
6791,37348073.04178848
6792,203353898.98006627
6793,85375058.30691011
6794,14957676.303262323
6795,18701947.957653333
6796,664225568.55379
6797,23456667.422471315
6798,8968350.931866549
6799,2332801.4823190863
6800,48151147.69544399
6801,33887816.66783827
6802,25196510.56868386
6803,208624881.45715788
6804,1033469.9806872329
6805,32936642.540770877
6806,6205201.962752741
6807,27731849.766419943
6808,7866719.456845978
6809,2615424.375322029
6810,18192557.287057463
6811,95525476.97722754
6812,17352694.35955438
6813,120160311.5152785
6814,3420101.9395970628
6815,12591956.983039958
6816,16432655.1599409
6817,1307272.685018034
6818,360394.6519647861
6819,43246857.909390554
6820,42047805.59736912
6821,23127797.081565157
6822,8017780.1682605725
6823,100870645.07923901
6824,223724791.3702457
6825,16747808.167246928
6826,6481608.061001977
6827,5049662.383698336
6828,173198.70099807775
6829,206541.2055432743
6830,19214496.668128368
6831,115461540.19139393
6832,10176757.131023899
6833,3534386.3225708725
6834,11476343.642584244
6835,90432343.19564466
6836,6295053.534360819
6837,109398333.85912734
6838,8531035.698497463
6839,3783290.5107150027
6840,4291190.233550557
6841,7139049.114953353
6842,1525223.125604748
6843,2535105.6005557273
6844,41193682.399749875
6845,12060724.890074242
6846,38508673.38658756
6847,1526360.1033271945
6848,9263259.11353953
6849,3067636.3591585876
6850,80669437.19997881
6851,149332908.29428902
6852,10704386.630175294
6853,7586991.860971171
6854,9723520.627944022
6855,18126806.278491415
6856,1124.8953480156606
6857,14296424.450710211
6858,2078016.0347765477
6859,30922402.581850123
6860,5740279.887712961
6861,26295044.613394853
6862,22166210.53994558
6863,289620942.450775
6864,3238460.008661289
6865,4492382.009054904
6866,78263700.2367743
6867,11149701.17115671
6868,968931065.8437554
6869,45407215.3757848
6870,8934843.064065594
6871,63776567.31665104
6872,2084372.4895444666
6873,13572127.60554763
6874,23103215.56938148
6875,9069220.811154505
6876,3150917.9295481797
6877,22979090.44845781
6878,596115.2469738208
6879,7876749.939163174
6880,359115.6160830507
6881,1265573.004916037
6882,75949645.8131282
6883,81487087.34930521
6884,56576769.35364641
6885,577466.5853806537
6886,229519.20781247504
6887,23604531.00882166
6888,137135884.5024597
6889,1981219.9103281677
6890,51823014.77295283
6891,20949169.704127412
6892,120528477.092206
6893,164293508.8775786
6894,2571371.20143595
6895,14703379.15366641
6896,22924177.623500764
6897,7979043.583272021
6898,6102122.1586575005
6899,1300070.378183583
6900,29155702.688503593
6901,30616176.166610695
6902,3072154.870376438
6903,7969143.967797623
6904,191820112.9451546
6905,20693249.861908484
6906,105356997.22682492
6907,9782218.248175818
6908,7991484.082007651
6909,9568408.148146313
6910,4575992.356722501
6911,6393497.325227716
6912,4118567.613746876
6913,279644455.32509476
6914,150841047.90854922
6915,11672527.344770942
6916,6854417.706640145
6917,693705224.6806586
6918,47287374.40046988
6919,14605218.045234052
6920,66030985.83629935
6921,288178494.35801345
6922,15830919.863861775
6923,12509855.832623351
6924,2620808.2680849857
6925,7988631.8427774375
6926,12790535.759142425
6927,2786187.124991286
6928,21322423.725760687
6929,35611739.03391088
6930,135366660.61488304
6931,2535541.4037644477
6932,444895.6666038782
6933,4408912.437228262
6934,43363209.836785205
6935,1603609.1480844035
6936,2208700.9453036273
6937,99378727.31016888
6938,480077.2890021317
6939,12818801.61228111
6940,51764885.30239076
6941,75242000.36328213
6942,37163419.12939887
6943,6985151.442470346
6944,119985238.15192437
6945,14812311.122613128
6946,66514676.55455694
6947,1816511.3900582357
6948,19308042.809447374
6949,57064872.217962705
6950,350450871.3839411
6951,200534.66422735897
6952,14593744.181531437
6953,22953878.86591669
6954,7807825.122248505
6955,78671811.42981237
6956,9230981.990734763
6957,8776466.801079532
6958,232903.49069016357
6959,3500084.5624362077
6960,35702614.99755912
6961,7198425.540384532
6962,163139697.89938843
6963,7904365.70051348
6964,24177908.043628547
6965,4933049.375452595
6966,56009350.4949022
6967,68223657.28601645
6968,561810.9107208516
6969,90391.7755407582
6970,7882914.465936824
6971,98800038.7629896
6972,417508.4833964138
6973,19870298.582087155
6974,86396841.705322
6975,37921494.725915045
6976,20192579.64804227
6977,5280576.268203409
6978,8873142.002038991
6979,42624283.22776287
6980,13663522.180942096
6981,12354300.62473287
6982,18069358.66352049
6983,7266781.758781651
6984,56729884.37635763
6985,190623782.08490777
6986,28018646.155334655
6987,2625011.73198286
6988,94188437.58476107
6989,227998.23855062123
6990,160474596.86113307
6991,13008333.058006542
6992,16656979.74884443
6993,2515077.9082994224
6994,550390.8753411002
6995,23300884.43570737
6996,91795971.65378217
6997,228821.0414593816
6998,13194036.462977149
6999,67605656.32749298
7000,6710603.769980851
7001,8747482.799079945
7002,1955277.7734887172
7003,37715671.11218562
7004,6751380.665831625
7005,4766464.045284817
7006,3244365.1036910634
7007,24529044.6406383
7008,27105537.929585148
7009,16764972.552691111
7010,9652280.58509201
7011,10970798.91036155
7012,7678692.43942723
7013,1864075.892059484
7014,360473.05672194617
7015,178879243.9111225
7016,230121728.6765031
7017,8289899.130856965
7018,9077582.60605601
7019,118278706.2139557
7020,30418077.38993598
7021,44306635.03459054
7022,32268141.595777344
7023,97500367.24629599
7024,6064407.6033100635
7025,2326186.030736918
7026,137094758.30967817
7027,36619588.378725566
7028,6207068.837779193
7029,17983234.35189235
7030,54194609.53155768
7031,43498472.546105646
7032,4165080.1783609437
7033,902363.2831861611
7034,3993872.538368874
7035,12683645.212520117
7036,7083393.688230626
7037,24969144.280702546
7038,11844991.162422786
7039,27846871.710589033
7040,4414243.145188441
7041,80680857.90954472
7042,65130242.95107944
7043,1635629.8953882381
7044,11730185.911435831
7045,12431895.45783959
7046,101651035.43712856
7047,212616638.9920059
7048,21816317.38852501
7049,8868953.134642644
7050,2188356.197093086
7051,35673852.06791975
7052,79092282.5798554
7053,3783522.489256396
7054,31083090.683972783
7055,24123145.72637272
7056,294511044.90085316
7057,7183551.10370045
7058,10056556.892464772
7059,2612860.801712823
7060,9808821.367196575
7061,17817525.52627872
7062,85893630.65038072
7063,3291807.9234521105
7064,76927636.36836278
7065,22593846.946577035
7066,7315294.550437366
7067,1299385.5657608213
7068,64401883.614284374
7069,7599736.601226302
7070,203851585.36026943
7071,425066609.8445996
7072,1049979.4242103717
7073,33056246.53198802
7074,2173070.2488938966
7075,13280869.500522288
7076,43004701.70562904
7077,6779590.631013304
7078,56278085.19653221
7079,35813.62303449722
7080,4918554.169014066
7081,3413732.948497545
7082,6864265.754481403
7083,1710381.2071276407
7084,33905564.51032529
7085,4133924.5180431884
7086,51731238.932590544
7087,22572660.224013153
7088,54987085.91103509
7089,1170021.76145298
7090,2497768.15906178
7091,13288445.916534306
7092,129156714.10325323
7093,34991013.84329545
7094,13701493.213271894
7095,11794961.307387795
7096,6874795.736839437
7097,148000930.7840478
7098,19732000.55961934
7099,67811472.84533939
7100,6876219.646844998
7101,36096103.349066645
7102,2478799.40339058
7103,6327571.352886689
7104,6274564.25159025
7105,41688437.04456412
7106,16564843.232667517
7107,44714526.71271025
7108,3059375.209949489
7109,41565591.34284929
7110,4411912.093287895
7111,11543232.846828023
7112,117393564.80089778
7113,105244769.665749
7114,5347381.462465941
7115,69660413.84284993
7116,27574727.32492205
7117,286825.80836639233
7118,15886773.770342175
7119,30889401.73900428
7120,472779.12394222873
7121,4778840.158855112
7122,251668.85797558224
7123,4181205.782384431
7124,223009668.13147238
7125,4050310.4553082725
7126,231157520.0005474
7127,57535668.81640967
7128,6532722.025139945
7129,12974776.327106696
7130,12971290.553294167
7131,92002010.44059776
7132,59852972.70224452
7133,99827185.37375656
7134,36194720.21505211
7135,118763146.049546
7136,14767364.365969555
7137,12996436.894603489
7138,16691702.359866872
7139,530709.746935797
7140,110545658.55418937
7141,2528529.846597429
7142,1807330.748390766
7143,53687277.213034555
7144,2416936.4072891055
7145,22520951.356429137
7146,486187.1867903943
7147,34341587.552392215
7148,4535339.425641723
7149,12741789.906465244
7150,428.6051743422654
7151,17135476.81459714
7152,44208895.940561086
7153,12601805.997087726
7154,29911670.845950022
7155,94441627.46994148
7156,8388127.387189105
7157,89262524.61836417
7158,7463688.542359791
7159,910673.9957203005
7160,13954438.312743524
7161,37788272.36043215
7162,264470739.35035732
7163,7260254.427995232
7164,5784306.109586156
7165,27093934.794639487
7166,4709376.673106113
7167,1017991.4888080385
7168,981295.4591078195
7169,14210086.815388234
7170,19948730.930035785
7171,7116578.704757893
7172,24587342.39046967
7173,20627513.200055335
7174,5210200.099636054
7175,1298546.4652755868
7176,11860755.260752212
7177,50142843.40857008
7178,21345910.325400606
7179,78717487.13053882
7180,4076203.414058593
7181,23476683.809891637
7182,48519799.655974574
7183,1620087.838486868
7184,619261944.4907092
7185,10325906.612906
7186,2125714.115742764
7187,3837804.435244644
7188,39838853.941807464
7189,19271728.674635097
7190,1091601.881363175
7191,1096889.6430224483
7192,26367081.6722978
7193,88277760.96921785
7194,388281106.1574751
7195,10109932.503797157
7196,11374446.529784184
7197,13230306.589441065
7198,17644639.569152664
7199,22000406.429606542
7200,76213810.49140018
7201,9493523.80219652
7202,23943281.958489027
7203,2408587.097701639
7204,59314571.0052608
7205,112790496.8113114
7206,134154804.14676796
7207,488345049.4291944
7208,6357104.862661147
7209,6874404.092461814
7210,267603.5461005811
7211,577217.737965952
7212,25794429.683489162
7213,15655401.721043533
7214,134019694.16149472
7215,95265910.13231707
7216,76984949.23739085
7217,3385012.3606636673
7218,30317837.92876939
7219,11494181.982163263
7220,53932213.40028951
7221,6266861.510600518
7222,91615891.34444469
7223,23794449.93792352
7224,8719676.544183949
7225,44.10297271022889
7226,51307776.71104891
7227,55757382.36528778
7228,5420904.596574976
7229,19185675.56326257
7230,398870.7905487947
7231,4332805.883443629
7232,225507194.94557866
7233,146367609.83959505
7234,192371884.65109742
7235,18866119.740754157
7236,18742996.306821607
7237,4158337.958799662
7238,3538053.1516696
7239,716297254.2054209
7240,16408789.747231377
7241,386690205.1556701
7242,212221355.5673975
7243,10094080.726131978
7244,15079950.522067666
7245,1382919.7150691303
7246,817488.2361662178
7247,126473029.21940783
7248,17301215.130136214
7249,1842372.0069188233
7250,4158772.3897592044
7251,42581160.334860586
7252,10081257.382263785
7253,4973582.716238001
7254,30979985.910407282
7255,784862.2060249993
7256,25751269.242993165
7257,8045505.679173754
7258,26857692.48489851
7259,4478931.859282928
7260,3166440.2047705958
7261,551326849.9831088
7262,1431794.5457611703
7263,55396855.66315989
7264,7566940.462567902
7265,3357007.739660486
7266,19978861.768271606
7267,1828220.8755142747
7268,9995286.488387508
7269,108782182.20472214
7270,262069433.95848897
7271,2512819.929877152
7272,3342538.0843405887
7273,822124.5751327934
7274,11866096.195632061
7275,14833745.783131463
7276,11086433.668083219
7277,177461539.44155654
7278,149622460.4259541
7279,218554033.96080172
7280,60147497.28074371
7281,32405404.2407716
7282,38571520.482387304
7283,214106188.44252133
7284,1689503.4638438807
7285,49053337.21898784
7286,283322492.2793486
7287,1923038.2460086015
7288,16512574.477793919
7289,94595681.5926137
7290,3507710.07035061
7291,31399117.23064234
7292,913925.8232659745
7293,6587620.955896263
7294,4626127.286164963
7295,41877081.02781089
7296,655151.5801859769
7297,36503257.38264247
7298,3627095.678038112
7299,21180462.657913685
7300,5877947.33554774
7301,66705123.15206612
7302,590866.8501013201
7303,505742.87383927667
7304,12205952.916997574
7305,6512049.205913172
7306,760959802.1381766
7307,5550499.378861146
7308,10231806.779140798
7309,16299390.967187427
7310,18087821.929641996
7311,16228854.46377404
7312,81826185.2569597
7313,175595710.70210233
7314,3085410.2537108306
7315,3850339.973470615
7316,17314607.06004856
7317,5845492.383520092
7318,65843449.21420969
7319,1602140.1024366708
7320,55917901.78232235
7321,2743345.2943046107
7322,9156022.679775266
7323,55581026.25626229
7324,6185681.712009027
7325,202942763.65798035
7326,255621681.11436307
7327,6863469.248920331
7328,70139192.96687746
7329,152157956.12226847
7330,300225227.9360183
7331,107989473.99796458
7332,29183692.64745786
7333,58194769.81350914
7334,30806125.511748135
7335,42632544.08463959
7336,6296911.960451646
7337,12607130.715702578
7338,34703952.23062943
7339,42628762.73651982
7340,13686419.115148194
7341,2399270.2488648267
7342,41338775.245167956
7343,3191907.9398089256
7344,15641274.147259967
7345,20263873.48706465
7346,1415039.793983101
7347,997176.2674456998
7348,7121976.149131625
7349,38513239.34218004
7350,10497027.632103706
7351,32887238.829450145
7352,2353088.6246969523
7353,25031935.293577824
7354,19142.982762617143
7355,42086539.304918855
7356,37810683.56758225
7357,534794.4484745164
7358,7910000.795825809
7359,47558599.07664919
7360,28022849.59251614
7361,389972.9811324916
7362,166157866.30234742
7363,758534568.4795041
7364,1975416.32898921
7365,60500088.15884847
7366,17413285.923278365
7367,828882.7984419584
7368,49609162.807362296
7369,9985094.755763955
7370,67455178.96083803
7371,2074440.6990409717
7372,92943623.44971873
7373,332081842.5105873
7374,28401364.033460747
7375,28121587.270389844
7376,2644909.733978871
7377,23312877.806991648
7378,47453699.24419822
7379,46211643.87511368
7380,27072309.119998835
7381,11565592.622511353
7382,4139255.1354250656
7383,282481.7682319555
7384,4132596.966917767
7385,29568252.706075262
7386,37717147.490602195
7387,8598530.683640959
7388,10131945.334830169
7389,190610.05585690745
7390,2034908.5924917047
7391,6300105.292246794
7392,9784153.520848483
7393,570512532.4126792
7394,26807763.197230905
7395,27446074.815739457
7396,23836358.74786989
7397,10768020.61524606
7398,1082617.661911363
